nid,langcode,type,status,uid,title,created,changed,default_langcode,moderation_state,path,menu_link,field_adaptation_phase,field_address,field_author_profile,field_banner_image,field_citation,field_climate_type,field_dashboard_reference,field_eco_adapt_interviewer,field_econ_sector,field_efficacy_testing,field_effort_stage,field_habitat_type,field_interview_date,field_location,field_method,field_monitoring_evaluation_proj,field_organization_ref,field_organization_text,field_photo_credit,field_profiles_in_system,field_proj_author_text,field_proj_background,field_proj_docs,field_proj_implement,field_proj_informant_text,field_proj_last_updated,field_proj_lead,field_proj_notes,field_proj_outcomes,field_proj_permission,field_proj_photos,field_proj_scale,field_proj_status,field_proj_summary,field_proj_tags,field_proj_type,field_project_contact_user,field_project_lead_2,field_region,field_related_resources,field_soc_setting,field_spotlight_caption,field_spotlight_image,field_spotlight_title,field_target_impacts,field_tax_focus,field_timeframe,field_topics,field_type_adapt_action,url
40,und,project,1,20,Impacts of Climate Change on the Coastal Zone of Mexico: An Integrated Ecosystem Approach in the Gulf of Mexico to Support Coastal Zone Management Legislation,1262892676,1583179976,1,published,und,,,,39,,"Score, A. (2010). Impacts of Climate Change on the Coastal Zone of Mexico: An Integrated Ecosystem Approach in the Gulf of Mexico to Support Coastal Zone Management Legislation [Case study on a project of INECOL - Instituto de Ecología, A.C.]. Product of EcoAdapt&amp;#39;s State of Adaptation Program. Retrieved from CAKE: http://www.cakex.org/case-studies/impacts-climate-change-coastal-zone-mexico-integrated-ecosystem-approach-gulf-mexico (Last updated April 2010)",335|333,,Alex,177|482|171|177|176|491,,357,,,POINT (-95.800781 21.125498),Email,,38,,This image has been released into the public domain because it contains materials that originally came from the United States National Aeronautics and Space Administration (NASA). No endorsement by licensor implied.,301,,"The coastal zone of the Gulf of Mexico and Caribbean is extremely vulnerable to climate change impacts, especially sea level rise. The most vulnerable areas are the coastal states of Veracruz, Tabasco, Campeche (Gulf of Mexico), and Quintana Roo (Caribbean). Mexico has over 11,000 km of coastal areas (east and west) yet there are no laws in place that protect the coastal zone. There are laws on ecological equilibrium that protect habitats in certain areas but they do not take into account the vulnerability and predicted climate impacts to the coastal zone. Urban development has significantly affected coastal ecosystems, including mangrove fringe areas, beach dunes, shallow seagrass areas, and coral reefs. Development pressures, combined with climate change impacts and a lack of regulations and adaptation programs, make the coasts extremely vulnerable. This project serves as a case study to support the future development of coastal zone laws to protect coastal wetland areas as a way to adapt to climate change and sea level rise. &amp;nbsp;",,"This project analyzes the impacts on coastal zones in the Gulf of Mexico and provides recommendations on ways to mitigate, adapt, and build support for coastal zone legislation. INECOL&amp;rsquo;s Network of Environment and Sustainability&amp;#39;s Coastal Ecosystems Unit collaborated with the Agrifood Research and Technology Institute (IRTA), Institute Aquatic Ecosystems (Catalonia, Spain), Louisiana State University (USA), Texas A&amp;amp;M University (USA), Atmospheric Science Center National Autonomous University of Mexico (UNAM), Earth Science Center University of Veracruz, Mexico, and Dalhousie University (Canada), to review the project and provide recommendations on the impacts study and mitigation and adaptation options.The project was launched in 2008 and recommendations were completed in 2010. The project focuses on five main areas: mitigation, adaptation, stakeholder support, benefits to the community, and impacts (both positive and negative) to coastal biodiversity and natural areas. Mitigation recommendations included habitat rehabilitation and restoration of coastal areas (dunes, coastal wetlands, coastal plain, coastal lagoons, and estuaries) and the recovery of hydrological flow disturbed by coastal agriculture and the oil and gas industry. Adaptation priorities focused on the protection of newly established mangroves due to increased temperatures and increased estuarine plume in the region. These areas already seem to be adapting to sea level rise and elevated temperatures.The stakeholders that supported and helped guide the process included non-governmental organizations, the State Minister of Civil Protection, and various universities. The project focuses on the benefits of mitigation and adaptation for local communities as well as the impacts and effects of climate change on the coastal zone. &amp;nbsp;",,,,,"The project is still ongoing but the first phase in analyzing impacts and looking at possible recommendations has been completed. Analysis and recommendations on legislation still need to be developed. This analysis will help serve as a guide and model for the implementation of a coastal zone program in Mexico and will help in the development of an Environmental Strategic Plan (ESP). The project will produce a series of tools required for implementing an ESP, such as best practice guidelines and methods for implementing and monitoring the program. Once developed, the ESP will guide the direction of state and national policy on coastal zone areas and will address climate change impacts related to hurricanes, floods, sea level rise, saltwater intrusion, coastal, and beach erosion. &amp;nbsp;",1,18806,451|450|453,"Information gathered from interviews and online resources, 4/2010","The coastal zone of the Gulf and Caribbean coasts of Mexico is extremely vulnerable to climate change impacts. These areas are already threatened by habitat degradation, ecosystem fragmentation, increased development and population growth, and a lack of coastal zone legislation to guide management and protection. There is an urgent need to develop an integrated Environmental Strategic Plan for the coastal zone with the involvement of government, university sectors, and stakeholders, and to develop a regional coastal zone program and legislation.",474,Full Case Study,,,7101|7111|7291|7306,,,,,,137|146|151|135|154|139|145|155|155|540|135|138|151|160|162|161|137,,564,7286,596|605|593|614|639|611|610|617|619|594|634,https://dev-cakex.pantheonsite.io/case-studies/impacts-climate-change-coastal-zone-mexico-integrated-ecosystem-approach-gulf-mexico-support-coastal-zone-management-legislation
418,en,project,1,19,NOAA 2010 Workshop Series: Habitat Conservation in a Changing Climate,1263940944,1732149187,1,published,en,,56,,43,,"Feifel, K. (2021). NOAA 2010 Workshop Series: Habitat Conservation in a Changing Climate [Case study on a project of NOAA&#039;s Office of Habitat Conservation]. Version 2.0. Product of EcoAdapt’s State of Adaptation Program. (Last updated January 2021)",334,,Kirsten Feifel,482|485|177|495,,357,,,,Phone,,416,,Photo attributed to tom burke. Incorporated here under the Creative Commons Attribution 2.0 Generic license. No endorsement by licensor implied.,732,,"The NOAA Office of Habitat Conservation is actively involved in helping municipalities incorporate sea level rise projections into future management plans. Having assisted regional planners to incorporate climate change into their decisions, NOAA staff realized that there was another group of decision makers that work in the natural environment that may be trying to plan for climate change. NOAA staff conducted a preliminary, internal survey of resource managers to assess the need for climate change adaptation assistance and it became apparent that resource managers needed help.",,"In 2010, NOAA’s Office of Habitat Conservation hosted a series of regional meetings targeted at federal agency and state-level habitat managers and selected nongovernmental organizations. The goals of the regional meetings were to:Build the capacity of managers to conserve coastal habitats in a changing climate, including protection and restoration of land to increase the resilience/adaptation potential to climate change; andIdentify key needs and solutions to help advance the protection of coastal habitats into the future.",,,,,The Office of Habitat Conservation focuses on habitat protection and restoration measures to advance climate adaptation.,1,18966,451,Information gathered from interviews and online resources.  Last updated on 8/21.,"In 2010, the National Oceanic and Atmospheric Administration (NOAA) hosted a series of meetings to create tools and strategies to help natural resource managers and decision makers prepare for changes in climate. These meetings focused on selective habitat conservation as a tool for climate change adaptation.",,Full Case Study,,,7291|7026,72158,,,,,154|165|135|154|139|145|146|145|145|540|135|138|154|140|151|160|162|161|137,,561,7409,593|639|615,https://dev-cakex.pantheonsite.io/case-studies/noaa-2010-workshop-series-habitat-conservation-changing-climate
648,und,project,1,20,Gulf of California Mangrove Ecosystem Services,1267730407,1705690246,1,published,und,,,,39,,"Score, A. (2010). Gulf of California Mangrove Ecosystem Services [Case study on a project of the Scripps Institution of Oceanography - Center for Marine Biodiversity and Conservation]. Product of EcoAdapt&#039;s State of Adaptation Program. Retrieved from CAKE: http://www.cakex.org/case-studies/gulf-california-mangrove-ecosystem-services (Last updated March 2010)",334|335,,Alex,177|482|177|493|498,,355,,2010-03-03,POINT (-111.730957 27.722436),Email,,646,,Photo attributed to Vanja. Incorporated here under the Creative Commons Attribution-Share Alike 2.0 Generic license. No endorsement by licensor implied.,690,,"The coastal zone of the Gulf of California supports the northernmost area of mangroves on the Eastern Pacific. These mangrove areas are extremely threatened by coastal development yet serve as natural buffers to climate change impacts (e.g., erosion, sea level rise) on the coast. This project looked at the economic value of mangroves by calculating their contribution to fisheries in the Gulf of California. By delineating the value of mangroves to the region’s economy, this project is intended to drive the development of coastal planning laws to protect these habitats from further destruction and promote restoration of mangroves in certain areas as buffers for climate change impacts.&amp;nbsp;This project is intended to support resource management and conservation by incorporating future conditions into policies and plans, creating monitoring plans to track impacts, and reducing non-climate stressors. It also builds capacity by assisting in training and public awareness and education efforts in the region.",,"This project, supported by a National Science Foundation grant, was developed to determine the economic value of ecosystem services provided by mangroves in Baja California. Project leaders examined fisheries landings near mangrove forests from 2001 to 2005 along the coasts of Baja California, Baja California Sur, Sonora, Sinaloa, and Nayarit in the Gulf of California, and found that fisheries landings increased with associated mangrove areas. The landings for fish and blue crab within the 2001-2005 time frame average 11,600 tons, generating an average income of US$19 million for fishermen in the region. The resulting ecosystem services value of the mangrove forests to the economy of the region ranged from US$25,000 to US$50,000 - a median value of approximately US$37,500 per hectare.Project staff presented these findings to local decision-makers, including the Mexican Secretary of Tourism (at the time, Rodolfo Elizondo) and to Mexican conservationists, funders, and non-governmental organization members during a U.S.-Mexico International Boundary and Water Commission meeting. By educating stakeholders on the value of mangroves and the need for climate change adaptation measures on the coast, this project is serving as a driver for coastal zone planning and adaptation policy. The results of this study build the case for mangrove protection and restoration in the region. By incorporating future climate conditions into the ecosystem services mangroves provide, there is increased support in establishing climate change adaptation policy in the region.",,,,,"The primary outcome of this project is to assist the Mexican government in creating sound environmental policies and coastal development planning that will preserve mangrove communities due to the economic value and ecosystem services they provide. By protecting coastal mangroves from development, these areas will also be able to adapt to sea level rise and continue to support the highly productive fisheries in the region.",1,19206,449|451,Information gathered from interviews and online resources.  Last updated 3/1/10.,The coasts of Mexico are experiencing rapid coastal development and population growth. Development in coastal areas has contributed to the destruction of mangrove forests and coastal wetlands. This project analyzed the value of mangroves to the Gulf of California economy by determining the ecosystem services that mangroves provide to the region’s fisheries. The expected outcome is to use this information to drive climate adaptation in the region by restoring and protecting coastal mangrove areas and pushing for changes in coastal planning and development.,,Full Case Study,,,7306,,,,,,151|7400|154|145,550|553|555|556,561,7286,596|605|593|611|610|615|616|617,https://dev-cakex.pantheonsite.io/case-studies/gulf-california-mangrove-ecosystem-services
682,en,project,1,14,Alligator River National Wildlife Refuge/Albemarle-Pamlico Peninsula Climate Adaptation Project,1268097814,1720467541,1,published,en,,60,,406|65481,,"Gregg, R.M. and Braddock, K.N. (2021). Alligator River National Wildlife Refuge/Albemarle-Pamlico Peninsula Climate Adaptation Project [Case study on a project of The Nature Conservancy - Nags Head Woods and the U.S. Fish and Wildlife Service - North Carolina]. Version 2.0. Product of EcoAdapt&#039;s State of Adaptation Program. Retrieved from CAKE: https://www.cakex.org/case-studies/alligator-river-national-wildlife-refugealbemarle-pamlico-peninsula-climate-adaptation-project&amp;nbsp;(Last updated April 2021)",334,,Rachel,482|177,,357,,,POINT (-75.818024 35.814472),,,209|650,,Photo attributed to U.S. Fish and Wildlife Service Headquarters. Incorporated here under the Creative Commons Attribution 2.0 Generic license. No endorsement by licensor implied.,,,"The Alligator River NWR encompasses about 154,000 acres on the Albemarle Peninsula in North Carolina. The primary climate change impact of concern to the refuge and the whole of the Albemarle Peninsula is sea level rise. In 2010, models showed that up to 469,000 acres of the peninsula could be flooded with a 12-inch rise in sea level, and nearly 750,000 acres could be flooded with a 20-inch rise. This vulnerability is exacerbated by human alterations to the system, including an extensive network of drainage ditches used for agriculture and forestry. Sea level rise will intensify other coastal problems such as shoreline erosion, saltwater intrusion, and biodiversity loss. TNC and USFWS&amp;nbsp;worked together to test three adaptive management strategies at the Point Peter demonstration site on the refuge to determine which approaches would enhance the resilience of the ecosystem.The three adaptation strategies included:Using oyster reefs to dissipate wave energy, slow currents, and reduce shoreline erosion. An added benefit is that these reefs help in carbon sequestration and provide habitat for a variety of species.Using water control structures equipped with flashboard risers and tide gates to restore the hydrologic regime and prevent saltwater intrusion.Planting salt- and flood-tolerant vegetation like bald cypress and black gum to enhance future shoreline stability and combat expected biodiversity and habitat loss. In addition, the project leads&amp;nbsp;worked&amp;nbsp;to establish migration corridors for species to move inland and upland from low lying areas.",,"Several of the adaptation strategies required federal and state permits. Because the refuge is located in a wetland environment, USFWS had to acquire a permit through the Army Corps of Engineers. In addition, permits were required through the state’s Coastal Area Management Act (CAMA) for any activities happening in Pamlico Sound (i.e. oyster reef construction). This state permitting process caused some problems for the project because most of CAMA’s rules are very specific to shoreline development,&amp;nbsp;but not to coastal restoration efforts. Because the materials used to construct the oyster reef did not conform to CAMA’s idea of fill material, the permit was elevated to a “major permit” and it turned into an eight-month process before it was finally approved.This project was supported by a $1 million donation from Duke Energy, a $250,000 private donation, a Southeast Aquatic Resources Partnership Community-based Restoration Program grant, a NOAA Community-based Restoration Program grant, and several other smaller donations.Marl (calcium carbonate fossil rock) was used to construct oyster reefs to buffer the shoreline, water control structures were strategically placed in areas to restore the region back to a sheet flow system, and test plots of salt-and flood-tolerant species were planted. Monitoring by two TNC staff members, with the assistance of several interns, &amp;nbsp;&amp;nbsp;&amp;nbsp;&amp;nbsp;&amp;nbsp;took place &amp;nbsp;&amp;nbsp;&amp;nbsp;&amp;nbsp;&amp;nbsp;for all three strategies:Oyster Restoration: examining shoreline erosion rates, spat recruitment, faunal usage, water qualityHydrologic Restoration: water control structures and &amp;nbsp;&amp;nbsp;&amp;nbsp;&amp;nbsp;&amp;nbsp;measuring water quality and flow within the ditches to figure out flow speed and direction, location of salt wedgesVegetative Restoration: monitoring growth and survivability of salt- and flood-tolerant vegetation&amp;nbsp;species; investigating how to monitor peat accumulation after the restoration of flowThe project managers engaged with local communities, fishermen, NGOs, state and federal agencies, and the general public to educate them on the project through public meetings, volunteer involvement, a sign at the demonstration project area for refuge visitors, and a fact sheet.",,,,,"This project aimed to determine the adaptation strategies that would contribute to the resilience and stability of wetland ecosystems in the face of climate change and especially sea level rise. Anticipated successes included reductions in the rates of ecosystem change, shoreline erosion, saltwater intrusion, and land subsidence, and an increase in the growth and survivability of salt- and flood-tolerant plant and tree species. Highlights from the implemented project strategies include: &amp;nbsp;&amp;nbsp;&amp;nbsp;&amp;nbsp;&amp;nbsp;&amp;nbsp;&amp;nbsp;&amp;nbsp;&amp;nbsp;&amp;nbsp;Oyster Restoration: Created 1,900 ft of oyster reef habitat and 7 acres of oyster sanctuaryHydrologic Restoration: Protected 11 miles of shoreline including 5 ditch plugs complementing subtidal oyster reefs, completed a 65,000-acre water management capability plan for the Dare County Bombing Range and part of the Alligator River NWR, monitored water conditions throughout the Alligator River NWR, installed two large check valve structures that limit salt water intrusionVegetative Restoration: Invasive Phragmites control for 11.5 acres, planted 20,000 flood-tolerant trees in a 40-acre experimental area, tested herbaceous marsh seeding techniques in 0.5-acre area. &amp;nbsp;&amp;nbsp;&amp;nbsp;&amp;nbsp;&amp;nbsp;The project has since expanded to encompass Pocosin Lakes and Great Dismal Swamp, where restoration recommendations and strategies for sea level rise-impacted natural communities are a focus. To date, recommendations and plans for these locations include the development of hydrological models of groundwater and surface water interactions to inform water control structure designs as well as the creation of management conditions that reverse patterns of subsidence and create an established pattern of soil accretion and carbon sequestration in the areas. TNC is spearheading efforts in Pocosin Lakes.Next steps for the project include:Continuing oyster habitat creation;Continuing swamp and marsh restoration;Implementing a carbon demonstration project to show how re-wetting pocosin (a type of wetland) can result in reduced greenhouse gas emissions;Implementing the actions recommended by the 65,000-acre water management plan; andAnalyzing ecosystem service flows for the Albermarle-Pamilco Estuary.",1,19251,454,Information gathered from interviews and online resources.  Last updated on 6/30/2021,"The Alligator River National Wildlife Refuge (NWR) is located in Dare and Hyde Counties, North Carolina, in the Albemarle-Pamlico Estuary. This climate change adaptation project is the result of a partnership between the North Carolina chapter of The Nature Conservancy (TNC) and the U.S. Fish and Wildlife Service (USFWS) to evaluate the effects of different adaptation strategies on areas impacted (or likely to be impacted) by sea level rise. This adaptive management study aims to determine how to make the shoreline more resilient to rising sea levels. The strategies include constructing oyster reefs to buffer shorelines from waves and storm surges, restoring the natural hydrologic regime and associated wetland systems, and planting salt- and flood-tolerant species.",470|473|472,Full Case Study,,"Christine Pickens
Coastal Restoration Specialist
cpickens@tnc.org

Mike Bryant
mike_bryant@fws.gov

Jennifer Gilbreath
j.gilbreath@tnc.org



Rebekah Martin
rebekah_p_martin@fws.gov&amp;nbsp;&amp;nbsp;&amp;nbsp;&amp;nbsp;&amp;nbsp; 
",,822|72158,500,,,,154|135|148|139|145|146|533|540|135|138|140|160|162,552|550|553|555|556|549|554|551,564,7286|7396,596|598|599|605|593|614|639|641|611|610|615|616|617|619|595|623|594|636,https://dev-cakex.pantheonsite.io/case-studies/alligator-river-national-wildlife-refugealbemarle-pamlico-peninsula-climate-adaptation-project
711,en,project,1,19,"Homer, Alaska Climate Action Plan",1268251731,1729725365,1,published,en,,59,,43|65481,,"Feifel, K. and Braddock, K.N. (2021). Homer, Alaska Climate Action Plan [Case study on a project of the City of Homer and ICLEI]. Version 2.0. Product of EcoAdapt&#039;s State of Adaptation Program. Retrieved from CAKE: https://www.cakex.org/case-studies/homer-alaska-climate-action-plan&amp;nbsp;(Last updated August 2021)",332,,Kirsten Feifel,482|171|495|180,,357,871,,POINT (-151.548333 59.6425),,,710|116,,(c) 2005 Derek and Julie Ramsey (Ram-Man). Incorporated here under the Creative Commons Attribution-Share Alike 2.5 Generic license. No endorsement by licensor implied.,,,"In January 2007, Resolution 06-141(A)&amp;nbsp;was passed by the City Council to establish a local Global Warming Task Force. In March 2007, Homer joined 700+ other cities as a signatory to the International Council for Local Environmental Initiatives’ (ICLEI) Cities for Climate Protection Campaign. Homer was selected by ICLEI to pilot its Climate Resilient Communities program, designed to help communities adapt to and prepare for climate change.&amp;nbsp;To identify key threats to Homer, climate model projections and scientific findings were extrapolated and applied at a local level. Key impacts of climate change to Homer may include rising sea levels, reduced health of fisheries resources, increased evaporation and transpiration of freshwater supplies, changes in storm frequency and intensity, and increased fires if the health of the surrounding forest is compromised by spruce bark beetle infestations. Homer’s local economy may also be impacted by changes in agriculture due to warming temperatures and shifting tourism patterns and population growth due to climate refugees.",,"The Homer Climate Action Plan&amp;nbsp;was developed in collaboration with the ICLEI Climate Resilient Communities program (now the Climate Adaptation &amp;amp; Preparedness Program). This program helps local governments design tools to assess vulnerabilities, prioritize actions, build resilience, and adapt to the impacts of climate change.To initiate the Homer Climate Action Plan, greenhouse gas emissions were inventoried using the Clean Air and Climate Protection software. Future emissions targets were set to reduce Homer’s carbon footprint by 20 percent by 2020 as compared to 2000 levels. Mitigation measures to reduce greenhouse gas emissions were identified, ranging from increased dependence on renewable energy sources to altered human behaviors.Developing adaptation measures is complementary to mitigation efforts. The City of Homer identified multiple actions to enhance the resilience of their community. Some of these include:Encourage local economic self-reliance, sustainable businesses, and climate awareness curriculum in local schools;Anticipate population growth and plan accordingly when making zoning and infrastructure decisions;Inventory the stormwater runoff system and identify areas vulnerable to sea level rise;Increase the community’s firefighting capacity;Protect and restore wetlands to increase water storage capacity;Restrict development along eroding shorelines; andConsider the effects of climate change in all long-term plans.To implement the Climate Action Plan, Homer created a Sustainability Fund (Resolution 08-07(A)); sources of revenue for the fund included a private donation of more than $45,000. Other possible sources of revenue that were identified to support the implementation of the Climate Action Plan included grants, a Climate Action Tax (modeled after the Climate Action Plan&amp;nbsp;in Boulder, Colorado), a fuel tax, parking fees, and other innovative sources.",,,,,"Since the release of the Climate Action Plan in 2007, the city has put more emphasis on greenhouse gas mitigation and sustainable energy efforts than adaptation planning and implementation.Resources:City of Boulder, CO: The Future of Climate ActionSTAPPA/ALAPCO&#039;s Clean Air and Climate Protection Software (CACPS)",1,19261,454,Information gathered from online resources.  Last updated on 8/21.,"In 2007, Homer, Alaska was selected to pilot the ICLEI-Local Governments for Sustainability Climate Resilient Communities program. This program works with local governments to catalog greenhouse gas emissions and to develop mitigation and adaptation strategies. In December 2007, Homer released their Climate Action Plan. The plan identifies Homer’s vulnerabilities to climate change and suggests strategies to enhance its resilience such as encouraging local economic self-reliance, increasing firefighting capacity, and protecting and restoring wetlands. To fund these activities, Homer created a Sustainability Fund and a Revolving Energy Fund. The Homer City Council continues to prioritize work on the Climate Action Plan.",,Full Case Study,,,7041,730|2555|72158,501,,,,165|151|135|148|154|139|527|139|135|138|140|161,,564,7409,596|607|593|639|611|618|595|623|625|594|634,https://dev-cakex.pantheonsite.io/case-studies/homer-alaska-climate-action-plan
848,en,project,1,14,Integrating Climate Change into the U.S. National Estuarine Research Reserve System,1269920963,1732064791,1,published,en,,60,,406,,"Gregg, R. M. (2020). Integrating Climate Change into the U.S. National Estuarine Research Reserve System [Case study on a project of the National Estuarine Research Reserve Association]. Version 2.0. Product of EcoAdapt’s State of Adaptation Program. (Last updated May 2020)",334|333|332,,Rachel,482|171|485|493,,357,871,,,,,144|146,,Photo attributed to Ian Poellet. Incorporated here under the Creative Commons Attribution-Share Alike 3.0 Unported license. No endorsement by licensor implied.,325,,"There are 29 NERRs across the country along the Atlantic and Pacific coasts, Great Lakes, Gulf of Mexico, Caribbean, Pacific, and Gulf of Alaska. These reserves act as venues for research and education of the public and policy makers, and also as indicators of climate change. Estuaries are particularly susceptible to sea level rise, increased air and water temperatures, changes in storm frequency and intensity, erosion, changes in water supply and quality, flooding and flow patterns, and range shifts of native, non-native, and invasive species. A 2013 national climate sensitivity analysis found that the least ecologically resilient NERRs are Tijuana River, San Francisco Bay, Waquoit Bay, Elkhorn Slough, Old Woman Creek, and Weeks Bay, while the most ecologically resilient sites are Guana Tolomato Matanzas, Sapelo Island, and North Inlet-Winyah Bay. Sea level rise and temperature changes ranked highly among drivers of climate sensitivity across all reserves.The National Estuarine Research Reserve Association (NERRA) was created to support the NERRS network. The NERRA/NERRS partnership has developed a strategy to incorporate climate change into reserve activities. In 2007, a small working group put together a framework organized around goals outlined by the Intergovernmental Panel on Climate Change (IPCC); these goals included:Contributing to understanding of climate change science and monitor for ecosystem changes;Assessing impacts and vulnerabilities on humans and ecosystems, and reserves’ capacity for adaptation and mitigation; andProviding education and training to prepare for and respond to climate changeThese goals were incorporated into the existing NERR programmatic framework.",75173,"Contribute to understanding of climate change science and monitor for ecosystem changes.NERRs act as a full network of sentinel sites. All reserves participate in the System Wide Monitoring Program (SWMP), established in 1995. As part of this program, reserves monitor biotic and abiotic indicators and map watersheds, habitats, and land use patterns. This is an intensive monitoring program that uses standardized uniform protocols and can provide a baseline to understand how climate change affects estuarine ecosystems.One directed climate change monitoring effort was created in 2007, establishing salt marshes as long-term reference sites at five reserves—Narragansett, Rhode Island; Wells, Maine; Chesapeake Bay, Virginia; North Carolina; South Slough, Oregon—to compare marsh restoration success (see associated case studies). The project was funded through the National Oceanic and Atmospheric Association to 1) use natural marshes as references to understand what is happening at restored marshes, and 2) use these natural reference sites to understand how marshes across the United States are responding to the impacts of climate change. The project required the reserves to conduct effectiveness monitoring of 17 Estuary Restoration Act-funded projects at paired restoration and reference sites. The study used a restoration performance index (RPI) to compare different salt marsh characteristics (e.g., salinity, vegetation cover, flow patterns, peat soils) at natural marsh reference sites and recently restored marsh sites over a two-year period (2008­–2010) to track water levels and marsh height in order to determine if and how salt marshes can respond to environmental changes, including sea level rise. The study determined that the restoration of hydrologic processes across the five NERRs were quite high while biological processes (e.g., species density, vegetation composition) varied as coastal marsh plant community development may lag in recovery (see Evaluating Tidal Wetland Restoration Performance Using National Estuarine Research Reserve System Reference Sites and the Restoration Performance Index.Assess impacts and vulnerabilities on humans and ecosystems, and reserves’ capacity for adaptation and mitigation.The NERR Coastal Training Program is a true adaptation tool. One major project of the program is the Preparing for Climate Change workshop piloted in Washington State in 2009. This workshop targeted shoreline planners and resource managers, and provided participants with the knowledge and opportunity to assess local needs and vulnerabilities, and has been replicated in other reserves. Another example is the Alaska Fisheries Resilience Index, a self-assessment tool developed by the Kachemak Bay NERR, Alaska Sea Grant, and the Alaska Marine Conservation Council. The Index allows users to assess the preparedness and recovery potential of business operations and was beta tested during a workshop with reserve stakeholders.Provide education and training to prepare for climate change.The NERRS provides education and training related to climate change impacts on human and estuarine systems in order to increase public awareness and foster behavior change. Reserves are working to infuse climate change into some activities already underway. For example, EstuaryLive is a free, interactive program that provides K-12 students and teachers with detailed insight into estuarine and coastal systems, is integrating climate change into its curriculum.",,,,,"NERRA and NERRS continue to incorporate climate change into their work. In addition, there are efforts to coordinate with U.S. Fish and Wildlife Refuges, National Marine Sanctuaries, and National Parks to maximize networking opportunities and information exchange on climate change adaptation. NERRS tracks its climate-related projects in a searchable online catalog.",1,19436,454|451|453,Information gathered from interviews and online resources.  Last updated 8/21.,"The National Estuarine Research Reserve System (NERRS) protects more than 1.3 million acres in 29 reserves in 23 states and Puerto Rico. NERRs across the country are working to integrate climate change into their activities by increasing monitoring of climate change at reserve sites, assessing impacts and vulnerabilities, and providing education and training to the public and policy makers.",,Full Case Study,,,7291|7026,849|833|847|877|856|865|32891|72158,500|501|499,,,,137|135|524|146|135|138|140|160|162|161|137,552|550|553|555|556|549|554|551,564,7409,596|605|593|611|615|619,https://dev-cakex.pantheonsite.io/case-studies/integrating-climate-change-us-national-estuarine-research-reserve-system
849,en,project,1,14,The National Estuarine Research Reserve’s “Planning for Climate Change” Workshop,1269922126,1635487655,1,published,en,,56,,406,,"Gregg, R. M. (2021). The National Estuarine Research Reserve&#039;s &quot;Planning for Climate Change&quot; Workshop [Case study on a project of the Padilla Bay National Estuarine Research Reserve and Washington Sea Grant]. Version 2.0. Product of EcoAdapt&#039;s State of Adaptation Program. (Last updated August 2021)
",334,,Rachel,171|176|491|180,,355,871|866|936,,,,,178|232|85|123,,"Photo attributed to Walter Siegmund. Incorporated here under the Creative Commons Attribution-Share Alike 3.0 Unported license. No endorsement by licensor implied.
",350|394,,"The Planning for Climate Change workshop was developed for use by the National Estuarine Research Reserve System, but is also available for other agencies, institutions, and communities. Pilot workshops were developed and held in March 2009 in Washington State. This workshop served as an Adaptation 101 for coastal resource managers and shoreline planners, providing information on impacts, current regulations addressing climate change, how to conduct vulnerability assessments, and adaptation planning. The training offered by this workshop model provided tools, sources of data, strategies, and practical exercises to engage participants in methods to prepare for climate change.
",,"This project was funded by a grant from NOAA’s Coastal Services Center. Partners included the Padilla Bay NERR, Washington Sea Grant, the University of Washington Climate Impacts Group, and King County. Project leads sent out a needs assessment survey to coastal planners and resource managers in Washington State, which was used to inform the design of the workshop. Respondents were asked to prioritize needs in three categories: impacts of concern, impacts to management, and planning for climate change. The results indicated that participants were primarily interested in:


	Impacts:

	
		Sea level rise (risk to infrastructure, property loss, habitat loss);
		Pressures on salmon and other marine species;
		Decreasing snowpack and impacts to water supply;
		Shoreline erosion;
		Flooding
	
	
	Management:
	
		Potential regional impacts of climate change;
		Ecosystem management;
		Land use planning and zoning;
		Water resources management;
		Science of climate change/sea level rise
	
	
	Planning:
	
		Scoping climate change impacts to major areas of responsibility or interest;
		Fundamental concepts in planning for climate change;
		Identifying priority planning areas relevant to climate change impacts;
		Information/data sources for assessment and planning;
		Case studies based on the information collated from the survey&amp;nbsp;
	
	


Workshop sessions included:


	Global and Pacific Northwest Climate Change. This included specific examples of projected impacts to coastal and ocean resources.
	Sea Level Rise and Coastal Impacts. An overview was provided on the science and impacts of sea level rise, and its implications for land use planning.
	Fundamental Concepts in Planning for Climate Change. Strategies for and case studies of adaptation planning were explained.
	Community Engagement and Addressing Barriers to Adaptation. Strategies for engaging the public and elected officials and overcoming barriers were provided.
	Technical Tools and Resources. Participants were directed to sources of information, tools, and data on climate change and given a “how to” on conducting vulnerability assessments.
	Identifying Vulnerabilities in Your Community. During this exercise, attendees were asked to identify their community’s vulnerabilities to climate change in the following sectors: natural resources, built infrastructure, public services, cultural resources, and local economy. In addition, the participants were asked to identify steps to reduce vulnerability, the time frame needed for implementation, who would be involved, and how to monitor and measure effectiveness.
	Summary of Washington State’s Climate Change Program and Implications for Major Washington State Planning Regulations. Attendees were given details on existing and planned regulations to address climate change in Washington.
	Brief World Tour of Climate Adaptation Projects. Case studies were provided on what organizations are doing to address climate change. During the workshops, participants were given binders filled with printouts of the session presentations and materials, such as fact sheets and reports on climate change impacts and adaptation. Attendees were asked to evaluate the classes; the results showed that these pilot workshops were extremely useful.

",,,,,"The project was completed in June 2009. The Padilla Bay NERR continues to design and conduct workshops and trainings around climate science. Additionally, the NERR site is used by the Washington Department of Ecology’s Coastal Training Program, which provides practical, science-based training to professionals who make decisions about shoreline management.
",1,19441,451|453,Information gathered from interviews and online resources.  Last updated on 8/21.,"Pilot workshops were conducted in March 2009 to educate and train coastal managers and planners in Washington State on climate change impacts and adaptation strategies. These workshops were developed by an interdisciplinary team from the Padilla Bay National Estuarine Research Reserve (NERR), Washington Sea Grant, the University of Washington’s Climate Impacts Group, and King County with assistance from the National Oceanic and Atmospheric Administration (NOAA) and the Washington Department of Ecology.
",,Full Case Study,,,6996,9188|72158,,,,,137|154|151|135|154|145|527|530|135|138|136|144|154|140|161|137,,561,,593|616|615|595|623,https://dev-cakex.pantheonsite.io/case-studies/national-estuarine-research-reserve%E2%80%99s-%E2%80%9Cplanning-climate-change%E2%80%9D-workshop
973,en,project,1,14,The National StormSmart Coasts Network: Linking Coastal Decision Makers to Resources,1271298170,1638055573,1,published,en,,56,,406,,"Gregg, R. M. (2021). The National StormSmart Coasts Network: Linking Coastal Decision Makers to Resources [Case study on a project of StormSmart Coasts]. Version 2.0. Product of EcoAdapt&#039;s State of Adaptation Program. Retrieved from CAKE: https://www.cakex.org/case-studies/national-stormsmart-coasts-network-linking-coastal-decision-makers-resources (Last updated October 2021)
",334|333,,Rachel,482|171|484|176|180|182,,357,871,,POINT (-95.712891 37.09024),,,971|100|147|975|976,,"This image has been released into the public domain because it contains materials that originally came from the U.S. National Weather Service. No endorsement by licensor implied.
",1009,,"The StormSmart Coasts Network was created to provide the best available information and tools to help coastal professionals figure out how to prepare for and recover from storms, flooding, sea level rise, and climate change. StormSmart Coasts originated in the Massachusetts Office of Coastal Zone Management (CZM), where it remains an active program. The national initiative has reformed into StormSmart Connect and MyCoast, a website that collects citizen science observations of king tides, storm damage, beach clean-ups, and living shoreline projects.
",,"The National StormSmart Coasts Network was launched by the NOAA Coastal Services Center, Gulf of Mexico Alliance, Northeast Regional Ocean Council, and U.S. Environmental Protection Agency. The initial StormSmart Coasts website shared tools and resources to support preparation and recovery efforts tailored to each participating state. The StormSmart Gulf site focused on the Gulf of Mexico states (i.e. Alabama, Florida, Louisiana, Mississippi, Texas), shares resources under three categories: Before the Storm, During the Storm, and Homeowners Handbooks.


	Before the Storm: This section covers information to help local coastal communities prepare for intense storms and prevent major damage and economic loss. Users are directed to different tools covering:

	
		Hazard Identification and Mapping to identify areas vulnerable to storms, erosion, and flooding, and providing details on how to interpret the Federal Emergency Management Agency’s (FEMA) Flood Insurance Rate Maps (FIRMs) and Flood Insurance Study (FIS) reports, and where to find additional information.
		Planning to protect people and property. This section includes details on creating community land use plans, multi-hazard mitigation plans, and risk mitigation strategies.
		Regulation and Development Standards to provide details on different opportunities to protect people, infrastructure, and resources through ordinances, regulations, and development requirements.
		Mitigation to limit or eliminate damage from intense storms. Options presented include protecting land and infrastructure through natural and engineered solutions (e.g., beach nourishment, planting stabilizing vegetation, flood/erosion control structures) and retrofitting, relocating, or elevating structures.
		Infrastructure to share protection options (e.g., protecting, insuring, siting, retrofitting) for roads, utilities, police and fire stations, hospitals, water supply facilities, wastewater treatment facilities, schools, power systems, and communication buildings, among others.
		Emergency Services Planning to share resources on how to improve emergency services, including creating an emergency response and disaster recovery plans.
		Training and Outreach to improve awareness of hazards for local officials, citizens, and visitors.
	
	
	During the Storm: This section provides users with local emergency and non-emergency contacts at the local, state, and federal levels.
	Homeowners’ Handbooks: This section shares guidance for coastal homeowners developed by Gulf coastal states focused on key hazards, the protection of life and property, insurance, and recovery options. The Florida Homeowner’s Handbook includes a section on climate change-driven impacts to the coastal zone, including storms, floods, droughts, and sea level rise, and recommendations on individual mitigation measures (e.g., reducing energy expenditures) and adaptation options (e.g., trimming trees to limit the effect of strong winds, elevating homes, and using fire-resistant plants in landscaping).

",,,,,"The StormSmart tools aim to direct local officials to the most pertinent information on the risks from coastal storms, flooding, sea level rise, and climate change. The Massachusetts Office of Coastal Zone Management maintains a statewide StormSmart Coasts Program to share resources with coastal professionals and homeowners. The program has created tools (e.g., Sea Level Rise and Coastal Flooding Viewer, Shoreline Change Project), implemented pilot projects, and developed resources to support floodplain management and reduce erosion.
",1,19706,454|453,Information gathered from interviews and online resources.  Last updated on 10/21.,"The StormSmart Coasts Network launched in 2008 in Massachusetts and expanded to include Connecticut, Delaware, Florida, Louisiana, Mississippi, New Jersey, New Hampshire, Rhode Island, and Texas. The program—now known as StormSmart Connect—provides local coastal communities and decision-makers with up-to-date and relevant information on storms, flooding, sea level rise, and climate change. A companion tool—MyCoast—was created to collect and share citizen science data on coastal change. &amp;nbsp;
",,Full Case Study,,,7291,974|72158,499|500|501|502,,,,151|135|139|527|155|135|138|140,,564,,593|618|616,https://dev-cakex.pantheonsite.io/case-studies/national-stormsmart-coasts-network-linking-coastal-decision-makers-resources
1008,en,project,1,14,Coral Reef Ecosystem Studies (CREST) Project,1271788693,1722471078,1,published,en,,57,,406,,"Gregg, R. M. (2020). Coral Reef Ecosystem Studies (CREST) Project [Case study on a project of the U.S. Geological Survey&#039;s St. Petersburg Coastal and Marine Science Center]. Version 2.0. Product of EcoAdapt’s State of Adaptation Program. Retrieved from CAKE: https://www.cakex.org/case-studies/coral-reef-ecosystem-studies-crest-project&amp;nbsp;(Last updated June 2020)",333,,Rachel,482|491|493,,357,,,,Website,,1002|1003|1004|1005|1007|1006,,This image has been released into the public domain because it contains materials that originally came from the U.S. National Oceanic and Atmospheric Administration. No endorsement by licensor implied.,,,"Coral reefs provide important ecosystem services, such as shoreline protection, and support economically important industries such as fisheries and tourism. These reefs are stressed by disease, overfishing, pollution, climate change, and ocean acidification. The CREST project examines the interactions between these stressors while improving the understanding of the current status and function of coral reefs and investigating likely future changes in reef ecosystems in the Dry Tortugas, Virgin Islands, and Biscayne National Parks, and selected areas of the Florida Keys National Marine Sanctuary. The primary goals of CREST are to improve understanding and information about coral health in the region; improve the ability to forecast future changes; and guide management decisions.",75431|75432,"Project staff are:mapping and characterizing coral reefs and habitats;identifying responses of corals to climate and sea level changes;identifying causes of coral disease;surveying seafloor erosion;evaluating the role of microbial processes in reef systems;evaluating threats from ocean acidification; andquantifying trends in biogenic calcification.In climate-specific research, project staff are examining the calcium carbonate skeletons of corals to determine both historic and future environmental changes; variations in the chemical composition of coral skeletons record environmental conditions, such as temperature, salinity, and pH. Other studies include reef sampling to determine microbial load, which affects coral disease and calcification. These data will provide information about the correlation between environmental change and the ability of coral to grow, especially with regard to the effects of ocean acidification and rising sea levels. For example, CREST scientists are measuring calcification rates and testing genetic strains of elkhorn coral (Acropora palmata) to evaluate growth capacity in different environments and determine the suitability of potential sites for successful restoration.An example of how CREST data can inform reef management practices is a recent study about seafloor erosion.&amp;nbsp;CREST scientists surveyed reefs in Hawai‘i, Florida, and the Caribbean and found that sea level rise is being exacerbated by seafloor erosion, and that reef growth is not occurring fast enough to compensate for both of these variables. The results of this study can help inform coastal engineers when evaluating the vulnerability of communities that rely on reefs for storm protection. &amp;nbsp;",,,,,"Through this project, the U.S. Geological Survey is contributing information about the effects of climate change on coral reef health and resilience, and providing a framework to examine the effects of interacting stressors on valuable and vulnerable coral reef habitats.",1,67336,450,Information gathered from online resources.  Last updated on 8/21.,"The Coral Reef Ecosystem Studies (CREST) project investigates the health and resilience of coral reefs to future ecosystem changes, including climate change, in the Florida Keys, U.S. Caribbean, and Gulf of Mexico. Its primary purpose is to provide data to inform public policy and best management practices for coral reef conservation and restoration.",,Full Case Study,,,7201,1014|72158,,,,,531|540|135|138|140|137,553,564,7396,596|600|608|593|611|617|619,https://dev-cakex.pantheonsite.io/case-studies/coral-reef-ecosystem-studies-crest-project
1047,en,project,1,19,Considering Climate Change in the Tongass National Forest and Southeast Alaska through the Tongass Futures Roundtable,1272051738,1729726916,1,published,en,,56|57,,43,,"Feifel, K. (2021). Considering Climate Change in the Tongass National Forest and Southeast Alaska through the Tongass Futures Roundtable[Case study on a project of The Nature Conservancy - Juneau]. Version 2.0. Product of EcoAdapt&#039;s State of Adaptation Program. Retrieved from CAKE: https://www.cakex.org/case-studies/considering-climate-change-tongass-national-forest-and-southeast-alaska-through-tongass-futures-roundtable (Last updated April 2021)",334,,Kirsten Feifel,482|171|177|174|176|181|495,,355,871|891|971|976,,POINT (-134.421844 58.301552),,,217|211,,Photo attributed to Mike Brennan. Incorporated here under the Creative Commons Attribution-Share Alike 2.0 Generic license. No endorsement by licensor implied.,383,,"The Tongass National Forest is the largest national forest in the United States, spanning 17 million acres in Southeast Alaska. The majority of the forest is considered temperate rainforest and is home to endangered and rare flora and fauna. The forest is primarily made up of western red cedar, sitka spruce, and western hemlock. Roughly 40% of the national forest area consists of wetland, snow, ice, rock, or non-vegetated lands. Of the forested lands, roughly 30% of it has been subjected to deforestation. The remaining 70% is considered protected lands and should never be eligible for harvest. The forest is administered by the U.S. Forest Service based in Ketchikan, Alaska. The Tongass Forest Plan, updated in 2016, outlines management strategies for the forest as required by the National Forest Management Act.The Tongass National Forest is at the center of a variety of interests, including conservation, forestry, fisheries, and tourism. The Tongass Futures Roundtable was formed to create a collaborative approach to help resolve various issues that pertain to the management of Tongass National Forest. The Roundtable brought together a diverse group of stakeholders to discuss how to incorporate economic, cultural, and ecological values in public policy issues throughout the region. The Roundtable was limited to 35 members and membership was reviewed annually to assure broad representation. The group met quarterly at locations throughout southeast Alaska. Representatives from conservation groups, Alaska Native tribes, logging companies, local governments, the U.S. Forest Service, and other state and federal agencies held seats on the Tongass Futures Roundtable.",75310|75312,"The Tongass Futures Roundtable discussed topics ranging from forest restoration and protection of cultural sites to how climate change affects the Tongass National Forest. Multiple restoration projects were launched and completed throughout the forest, ranging from riparian restoration, fish passage enhancement, road decommissioning, and riparian thinning for wildlife. Increasing the health of the Tongass National Forest will enhance its ability to cope with the impacts of climate change. While no project is explicitly categorized as dealing with climate change adaptation, restoration efforts generally enhance a system’s resilience. The Tongass Futures Roundtable recognized the potential effects of climate change and believed that proper restoration and protection may offer the greatest sources of resilience. In 2008, the Tongass Futures Roundtable worked in collaboration with the U.S. Forest Service to defer timber harvesting indefinitely on approximately one million acres of temperate old-growth forest that had been slated for logging. Protecting large, intact ecosystems may reduce the impacts of climate change in the future. The Tongass Futures Roundtable also considered the possibility of using the healthy forest as a source of carbon sequestration credits.",,,,,"The Tongass Futures Roundtable was poised to deal with future issues that affect the Tongass National Forest, from climate change to harvesting pressures. However, in 2013, the Roundtable was dissolved after a number of members withdrew from the group due to a lack of consensus concerning the state of the timber industry. Alaska government representatives were some of the first members to leave. Detailed information concerning the collaborative’s processes, successes, and limitations is documented in The Tongass Futures Roundtable: Distrust, Inequity, and Collaboration in Southeast Alaska. This research found that ultimately, “… trust stemming from building strong positive relationships between stakeholder groups was not enough to overcome distrust based on past history, procedural challenges, and participants general propensity to be distrusting of one another in the context of Tongass management.” As climate change becomes a more pressing issue in the region, using the lessons learned from the Tongass Futures Roundtable may provide key insights for effective collaborative decision-making in which to address impacts.",1,19801,454|450|452,Information gathered from interviews and online resources.  Last updated on 10/21.,"The Tongass Futures Roundtable brought together a diverse group of stakeholders to discuss economic, cultural, and ecological issues pertaining to the Tongass National Forest and Southeast Alaska. The Tongass National Forest is the world’s largest remaining intact temperate rainforest and houses multiple endangered and rare flora and fauna. The Roundtable worked with the U.S. Forest Service to protect vast tracts of the Tongass National Forest and also worked with partners on restoration projects throughout Southeast Alaska. In 2013, the Roundtable was dissolved, however, lessons learned may provide insights for effective collaboration.",,Full Case Study,,,7026|7041,1073|72158,500,,,,137|165|151|154|139|154|151|137,554,563,7409,593|614|639|641|612,https://dev-cakex.pantheonsite.io/case-studies/considering-climate-change-tongass-national-forest-and-southeast-alaska-through-tongass-futures-roundtable
1075,en,project,1,14,Using Ecosystem-Based Management as an Adaptation Strategy in the Pacific Fishery Management Council,1272577337,1637274533,1,published,en,,56|59,,406,,"Gregg, R. M. (2021). Using Ecosystem-Based Management as an Adaptation Strategy in the Pacific Fishery Management Council [Case study on a project of the Pacific Fishery Management Council]. Version 2.0. Product of EcoAdapt’s State of Adaptation Program. https://www.cakex.org/case-studies/using-ecosystem-based-management-adaptation-strategy-pacific-fishery-management-council (Last updated October 2021)
",334|333,,Rachel,482,,355,881|896|901|876|931|866|936,,POINT (-124.508523 -8.783195),Phone,,177,,"Photo attributed to LASZLO ILYES. Incorporated here under the Creative Commons Attribution 2.0 Generic license. No endorsement by licensor implied.
",349,,"The Pacific Fishery Management Council has fishery management plans (FMPs) for groundfish (e.g., rockfish, flatfish, roundfish, sharks and skates); salmon (e.g., Chinook and coho); highly migratory species (e.g., tunas, sharks, swordfish, mahi mahi); and coastal pelagic species (e.g., anchovy, market squid, Pacific sardine, Pacific and jack mackerel, krill). Climate change is considered as an ancillary element to these FMPs; although it is not clearly distinguished as a specific threat to fish stocks, the Council&#039;s efforts reduce fishing as a stressor on the marine ecosystem. The Council engaged in a seven-year-long process to develop an ecosystem-based approach to managing fish stocks in the offshore waters of Washington, Oregon, and California. Ecosystem-based management as defined by the Council “recognizes the physical, biological, economic, and social interactions among the affected components of the ecosystem and attempts to manage fisheries to achieve a stipulated spectrum of societal goals, some of which may be in competition.” An ecosystem Fishery Management Plan, therefore, considers species interactions (i.e. predator-prey food web dynamics), habitat, fishing effects on stocks and habitat quality, elements of uncertainty and utilizing precaution where possible, and the effects of other stressors, including climate change, on fish biology and ecology. The development of this plan allowed the Council to consider various natural and anthropogenic elements that may affect conservation and fishery productivity.
",75349|75350|75351|75352,"The Council first voted to create Fishery Ecosystem Plan (FEP) in November 2006. Development was delayed until funding could be obtained; by 2009, the Council had financial support from NOAA to create a plan that would supplement the existing FMPs, “[help] with coast-wide research planning and policy guidance, and [create] a framework for status reports on the health of West Coast ecosystems” (PFMC EBM Overview). The Council created two groups: the Ecosystem Plan Development Team (EPDT; now the Ecosystem Workgroup) and the Ecosystem Advisory Subpanel (EAS). The EPDT was composed of 13 members, including policy analysts and scientists from state, federal, and tribal governments. The EAS was composed of 11 members, representing industry, policy, and conservation interests from the states and tribes. The EPDT and EAS were charged with developing goals and objectives for the EFMP. Their specific tasks were to collate state-of-the-science information on ecosystem-based management, review existing FMPs for examples of ecosystem-based management, find tools that could be used in the development of the FEP, and review other ecosystem-based management efforts from the other Fishery Management Councils.&amp;nbsp;In April 2013, Council members formally adopted the current FEP. In 2017, the Council released Appendix A to the FEP, which includes initiatives to better understand the impacts of climate change on fish populations and the ecosystems on which they rely, and strategies to increase the resilience of managed stocks.
",,,,,"Climate drivers listed as priority issues for the Council include the effects of interannual and decadal variability (e.g., El Niño Southern Oscillation [ENSO], Pacific Decadal Oscillation [PDO]), temperature, pH, dissolved oxygen, and upwelling. Although the FEP is not prescriptive in nature, it is used as a strategic planning document to introduce elements of ecosystem-based management to the Council’s program and plans. The FEP was designed to be iterative to adjust as better scientific information becomes available. Annually, the Council reviews the plan, reviews the initiatives listed in Appendix A, discusses emerging issues, and assesses priorities; every five years, the FEP is scheduled for a comprehensive review. In March 2018, the Council began the next review and update process for the FEP. As part of its Climate and Communities Initiative, the Council has created two ad-hoc committees dedicated to climate-related work—the Climate and Communities Core Team (CCCT) and the Climate Scenarios Investigation Workgroup. In January 2020, the Council and The Nature Conservancy held a two-day workshop to develop scenarios for use in&amp;nbsp; strategic planning. Four scenarios were developed about potential futures for the California Current System by 2040 examining climate and ocean variability (highly variable conditions with frequent extreme events vs. gradual changes with few extreme events) and species abundance and availability (decreases vs. increases). Each scenario—Fortune and Favor, Box of Chocolates, Blue Revolution, and Hollowed Out—explored potential impacts of climate change alongside other uncertainties such as the availability of funding and technologies and social and political attitudes. Results were presented to the Council in March 2021 for consideration in management plans and programs.
",1,18636,449|451|450,Information collected through interviews and publications. Last updated 10/21.,"The Pacific Fishery Management Council examines the impacts of climate change on fisheries management through an ecosystem fishery management plan, finalized in April 2013. Among other things, this plan considers the impacts of climate change on fisheries. Through its Climate and Communities Initiative, the Council is exploring how climate change may affect day-to-day operations of the fishing industry and evaluating different scenarios to inform future planning.
",,Full Case Study,,,7101|7291|7026|6996|7081,72158,499|500,,,,154|165|154|139|145|146|531|533|135|138|154|161|137,553|555|556,563,7286,596|602|600|601|608|593|611,https://dev-cakex.pantheonsite.io/case-studies/using-ecosystem-based-management-adaptation-strategy-pacific-fishery-management-council
1526,en,project,1,14,Using a Precautionary Approach to Manage North Pacific Fisheries Under Uncertainty,1277943989,1729644926,1,published,en,,59,,406,,"Gregg, R.M. (2020). Using a Precautionary Approach to Manage North Pacific Fisheries Under Uncertainty [Case study on a project of the North Pacific Fishery Management Council]. Version 2.0. Product of EcoAdapt’s State of Adaptation Program. (Last updated June 2020)",331|332,,Rachel,177,,357,871|881|896|901,,POINT (-161.367188 71.626763),,,1525,,Photo attributed to Malik1940. Incorporated here under the Creative Commons Attribution 3.0 Unported license. No endorsement by licensor implied.,,,"The North Pacific Fishery Management Council is one of the eight regional councils that oversee fisheries management in the United States in conjunction with the National Marine Fisheries Service. Members include representatives from state and federal fisheries agencies, commercial and recreational industries, communities, the U.S. Coast Guard, U.S. Fish and Wildlife Service, Pacific States Marine Fisheries Commission, and the U.S. Department of State. The Council has jurisdiction over the 900,000 square mile Exclusive Economic Zone of the State of Alaska, which includes the Gulf of Alaska, Bering Sea and Aleutian Islands, and the Chukchi and Beaufort Seas. The Council manages Pacific cod, pollock, flatfish, mackerel, sablefish, and rockfish on its own and jointly manages salmon, crab, and scallops with the State of Alaska. In addition, the Council works with the International Pacific Halibut Commission to allocate halibut landings for the United States and Canada.",,"In February 2009, the Council adopted the Arctic Fishery Management Plan which was approved by U.S. Commerce Secretary Gary Locke in August 2009 and made effective in December 2009. The plan closes the Arctic waters within the Exclusive Economic Zone of Alaska to all commercial fishing activity until sufficient scientific research is conducted to determine the potential effects of expanded fishing activity in the region. The plan has received support from the U.S. fishing industry, managers, conservation practitioners and groups, and community leaders. In addition, the Council prohibited bottom trawling over nearly 673,000 square miles within its jurisdiction in order to protect habitat.",,,,,"The North Pacific Fishery Management Council has used a precautionary and collaborative approach to deal with the uncertainty surrounding the effects of climate change on the Arctic environment and possible commercial fishing development. This approach could act as a model for other groups looking to address large-scale effects of global climate change. For example, the United States, along with the other four Arctic countries—Canada, Greenland, Norway, and Russia—signed a joint declaration in July 2015 to prevent high seas fishing in the central Arctic Ocean until science-based management mechanisms are in place.",1,19981,451|453,Information gathered from online resources.  Last updated on 8/21.,"The North Pacific Fishery Management Council is authorized to manage the fisheries within the Exclusive Economic Zone of the State of Alaska, which includes the Gulf of Alaska, Bering Sea and Aleutian Islands, and the Chukchi and Beaufort Seas. The Council has adopted a precautionary approach to commercial fishing opportunities that may arise as a result of climate change in the Arctic, including prohibiting certain activities until the best science becomes available. The Council has established limits to minimize bycatch, seasonal restrictions, and gear requirements (e.g., prohibition of bottom trawling) to diminish effects on mammals, birds, and habitat. The Council has also created some protected areas to protect sensitive habitats (e.g., deep sea corals) and areas where scientific information is limited (e.g., Chukchi and Beaufort Seas).",,Full Case Study,,,7101|7111|7291|7301|7026|7041,1075|1524|72158,,,,,137|151|154|145|145|145|154|137,555,564,7286,596|597|602|608|594|634,https://dev-cakex.pantheonsite.io/case-studies/using-precautionary-approach-manage-north-pacific-fisheries-under-uncertainty
1580,und,project,1,19,Documenting Traditional Ecological Knowledge in Northwest Alaska,1278184935,1729726649,1,published,und,,57,,43,,"Feifel, K. and Braddock, K.N. (2021). Documenting Traditional Ecological Knowledge in Northwest Alaska [Case study on a project of Kotzebue IRA]. Version 2.0. Product of EcoAdapt&#039;s State of Adaptation Program. (Last updated May 2021)",331|332,,Kirsten Feifel,181,,355,,,POINT (-161.71875 67.731663),,,1579,,Photo attributed to Glenn. Incorporated here under the Creative Commons Attribution-Share Alike 2.0 Generic license. No endorsement by licensor implied.,,,"The Native Village of Kotzebue is located on the Baldwin Peninsula, 30 miles above the Arctic Circle in northwest Alaska. It has a population of roughly 3,000 people known as the indigenous Qikiktagrugmiut. The Qikiktagrugmiut people rely upon the environment to provide food, shelter, and a cultural connection to their surroundings. Recent climatic change is of deep concern to community members as they witness their environment changing around them. &amp;nbsp;",,"The tribal government of the Qikiktagrugmiut community, with National Park Service funding, conducted a study to document the traditional knowledge of environmental change, focusing on observations from the 1950s to 2002. The entire study was conceived, developed, and conducted by tribal members and tribal employees. Interviewers asked semi-directive questions to engage elders in conversations about environmental change. &amp;nbsp; &amp;nbsp; &amp;nbsp;Hunters commented on changes in their ability to travel across the land. In the past, summers were typified by high winds and fog along with the break-up of sea ice; winters were typified by extremely low temperatures and high winds. During winter, hunters’ mobility is further defined by the timing of freeze-up, the thickness of newly formed ice, and the timing and magnitude of snow. Recent changes witnessed by the hunters starting in the 1970s include warmer temperatures, less consistency in seasons, extreme temperature swings, and altered precipitation patterns.&amp;nbsp;Also, the game composition has shifted, with more Western Arctic Caribou traveling through the area and the appearance of moose. &amp;nbsp;",,,,,"Through the community interviews, it became apparent that the Qikiktagrugmiut connection to weather and climate is more intimate than most urbanized cultures.&amp;nbsp;Below-freezing conditions mean ideal travel conditions in the Arctic but in most cities, residents cringe at sub-zero temperatures. Thus, when trying to help northern communities to adapt to climate change, it is important to first understand the interconnectedness between their lives and the climate. However, climate change impacts are not necessarily negative. For example, a late freeze-up may create tougher travel conditions but also allow for better hunting.Since the release of the study, the Native Village of Kotzebue’s Environmental Program, led by executive director Alex Whiting, has continued to contribute to climate, adaptation, and environmental research in the Arctic. Notable works include bearded and ringed seal projects (2004-2015), work with the University of Alaska Fairbanks (UAF) to better understand the circulation and hydrographic structure of Kotzebue Sound, and work with the UAF Wildlife Toxicology Lab to study contaminants in seals that could threaten consumers of subsistence harvesting.The Native Village of Kotzebue’s Environmental Program has received a number of awards and recognition for its contributions to science research and policy: Alaska Forum on the Environment’s Environmental Excellence Award (presented to Alex Whiting, 2011); Alaska Federation of Natives’ President’s Award Denali Award (presented to Alex Whiting, 2015); and the Harvard Project on American Indian Economic Development’s Honors Award (2018). The Environmental Program attributes its successes to Iñupiat Ilitqusiat values (traditional values documented by Elders), indigenous knowledge, partnerships, and continuously improving the knowledge base from which it operates.",1,20016,452,Information gathered from online resources.  Last updated 6/30/21.,"In Kotzebue, Alaska, the indigenous Qikiktagrugmiut residents developed a study to collect traditional ecological knowledge from tribal members regarding observed environmental changes from the 1950s to 2002. The results detail observed changes in weather, hunting patterns, and snow and ice characteristics; the final report, Documenting Qikiktagrugmiut knowledge of environmental change, serves as a reference point from which to measure further environmental changes and consequences of climate variability in the region. Since the release of the study, the Native Village of Kotzebue’s Environmental Program has continued to contribute to climate, adaptation, and environmental research in the Arctic.",,Full Case Study,,,7041,1581|72158,500,,,,534|145|136|144,,561,7409,596|593|611|617,https://dev-cakex.pantheonsite.io/case-studies/documenting-traditional-ecological-knowledge-northwest-alaska
1588,en,project,1,19,"Relocating the Village of Newtok, Alaska due to Coastal Erosion",1278188502,1635384878,1,published,en,,59,,43|406,,"Feifel, K. &amp;amp; Gregg, R. M. (2021). Relocating the Village of Newtok, Alaska due to Coastal Erosion [Case study on a project of the Newtok Planning Group]. Version 2.0. Product of EcoAdapt’s State of Adaptation Program. (Last updated October 2021)
",332,,Kirsten Feifel,179|176|175|181,,357,871|881|911|891|976|996,,POINT (-164.641916 60.942508),,,1587|52596,,"This photo has been released into the public domain because it contains materials that originally came from the U.S. National Oceanic and Atmospheric Administration. No endorsement by licensor implied.
",,,"Newtok, home to approximately 400 residents, is located on the Ninglick River in the Yukon-Kuskokwim Delta Region. It is north of Nelson Island and 94 miles northwest of Bethel. Indigenous populations have inhabited Newtok for at least 2,000 years; they are known as the Qaluyaarmiut people. The Qaluyaarmiut people are avid fishermen and live a traditional Yup’ik Eskimo subsistence lifestyle. &amp;nbsp;

The village’s proximity to the shoreline is proving to be hazardous. Recent erosion rates in Newtok have averaged 90 feet per year and the community experienced major floods in September 2005 and February 2006. A shoreline erosion map based on historic shorelines in maps and aerial photos indicates that the Ninglick River has eroded from 36 to 83 feet per year upstream; the average rate of erosion occurring near Newtok from 1954 to 2003 was measured to be 68 feet per year. A 1983 study found that the main variables affecting erosion of the bank of the Ninglick River include a combination of temperature changes, wave action, and river currents. As a result, fall storms have caused waters to surge through the Ninglick River and inundate the town of Newtok. Also, the increased erosion rate altered the hydrology of the river from quick moving to more slough-like. Historically, Newtok discharged their untreated sewage into the Ninglick River but with the change in hydrology, the disposed waste had no place to go, causing a public health hazard.&amp;nbsp;

Newtok is also being threatened by thawing permafrost and decreased sea ice that once protected the coastal village against wave erosion.&amp;nbsp;As such, the Alaska Climate Change Sub-Cabinet Immediate Action Workgroup (IWA) focused part of its work on Newtok. In 2007, the IWA recommended that a suite of emergency response plans be developed to identify the most immediate and cost-effective ways to reduce the community’s vulnerability. These emergency response measures have been very important for Newtok as community members wait for the relocation process to finish. In 2010, Newtok completed evacuation, emergency operations, and continuity of operations plans to guide emergency response and recovery for the community. Newtok’s local hazard mitigation plan, which integrates climate change impacts and responses, was updated in 2015.
",,"In 1994, the Newtok Traditional Council began to consider relocating the village due to ongoing erosion problems. The Council evaluated six potential sites and settled on a location at the north end of Nelson Island called Mertarvik, a site managed by the U.S. Fish and Wildlife Service as part of the Yukon Delta National Wildlife Refuge. In 1996, the Newtok Native Corporation authorized the negotiation of a land exchange within the Yukon Delta National Wildlife Refuge with the U.S. Fish and Wildlife Service. By 2003, after much lobbying and legal counsel, the Service agreed to exchange land with the Newtok Native Corporation.&amp;nbsp;Three reports were prepared during the early planning efforts: Newtok Background for Relocation Report, Preliminary Geotechnical Overview, and the Newtok Transportation Plan.

In 2006, the Newtok Planning Group was formed and the Alaska Department of Commerce, Community, and Economic Development’s Division of Community Advocacy began to work with the Newtok Native Corporation to facilitate the relocation of Newtok to the Mertarvik site. First, they attained an $800,000 grant from the Economic Development Administration to build a multi-use marine support facility (e.g., barge ramp, dock and staging area). The Newtok Traditional Council was awarded a grant from the Denali Commission to develop a community, water, and sewage layout plan for the new village site.&amp;nbsp;In sum, moving Newtok to its new location will cost an estimated $80­–130 million, about $2 million per household.
","Sally Cox
sally.cox@alaska.gov

Romy Cadiente
Bunjing2@gmail.com
",,,,"In June 2011, the Newtok Traditional Council approved the following guiding principles for the Mertarvik relocation:


	To remain a distinct, unique community – our own community
	To stay focused on our vision by taking small steps forward each day
	To make decisions openly and as a community and look to elders for guidance
	To build a healthy future for our youth
	Our voice comes first – we have first and final say in making decisions and defining priorities
	To share with and learn from our partners
	No matter how long it takes, we will work together to provide support to our people in both Mertarvik and Newtok
	Development should:
	
		Reflect our cultural traditions
		Nurture our spiritual and physical well-being
		Respect and enhance the environment
		Be designed with local input from start to finish
		Be affordable for our people
		Hire community members first
		Use what we have first and use available funds wisely
	
	
	To look for projects that build on our talents and strengthen our economy


In 2012, the&amp;nbsp;Mertarvik Waterfront Development Study&amp;nbsp;was completed, including engineering surveys and designs to support relocation planning and implementation. The Innovative Readiness Training Program (IRTP) has committed to the Newtok relocation efforts by providing labor and transportation capabilities. For example, the IRTP constructed an access road from the barge landing to the new village site in 2010, and in 2011, they started working on an evacuation shelter to protect the current village and community members from flooding. Construction of the evacuation shelter and relocation efforts were temporarily halted due to funding constraints as well as&amp;nbsp;internal political disputes. Part of the funding issue, according to local experts, was that neither the state nor federal government acknowledge that climate change qualifies for disaster relief funds (i.e. Stafford Act).&amp;nbsp;Funds have been gathered in a piecemeal fashion from sources such as the State of Alaska, Bureau of Indian Affairs, Denali Commission, and Housing and Urban Development, and are being used to build the Mertarvik Evacuation Center and build new housing units. A proposal to the Federal Emergency Management Agency (FEMA) to support relocation to the new site was rejected in 2017, but in 2018 FEMA partnered with the Alaska Division of Homeland Security and Emergency Management to buy seven homes, allowing approximately 50 residents to move. In summer 2019, the IRTP and Ukpeaġvik Iñupiat Corporation Construction completed construction on 13 new homes (designed by the Cold Climate Housing Research Center), portable alternative sanitation systems, water treatment and power plants, a landfill, and a water and sewer system for the Mertarvik Evacuation Center. In late 2019, approximately one-third of the residents moved to Mertarvik (~140 adults and children). For those who have stayed behind in Newtok, they must contend with a village that has limited infrastructure (e.g., no running water) due to disinvestment.

The U.S. Government Accountability Office has identified thirty-one coastal villages in Alaska that may need fast-paced relocations to escape erosion and melting permafrost. At least 12 Native Alaskan villages have elected to explore relocation as a viable alternative as their towns are swallowed by the sea.&amp;nbsp;These sites include Newtok, Kivalina, Shishmaref, Shaktoolik, Allakaket, Golovin, Hughes, Huslia, Koyukuk, Nulato, Teller, and Unalakleet. In November 2019, Newtok ranked as the seventh most at-risk community in Alaska due to the combined threats of erosion, flooding, and melting permafrost.&amp;nbsp;

Resources:
America&#039;s Climate Refugees: Newtok (May 2013)
Newtok to Mertarvik Relocation Overview (2017)
The village that will be swept away&amp;nbsp;
Newtok, Alaska: Evacuation Plan (2010)
Newtok, Alaska: Emergency Operations Plan (2010)
Newtok, Alaska: Continuity of Operations Plan (2010)
Newtok Village Tribal Hazard Mitigation Plan Update (2015)
Newtok Background for Relocation Report (2004)
Preliminary Geotechnical Overview - Village Relocation Site Newtok, Alaska
Newtok Transportation Plan (2001)
Mertarvik Evacuation Center (MEC)
Statewide Threat Assessment: Identification of Threats from Erosion, Flooding, and Thawing Permafrost in Remote Alaska Communities
",1,20046,452,Information gathered from publications and contacts. Last updated on 10/21.,"Newtok is a Native Alaskan village that is being forced to relocate as its shorelines erode. The erosion rates have been exacerbated by thawing permafrost, declining sea ice protection, increased storm surge exposure, and warming temperatures. In 1994, Newtok was one of the first villages to consider relocating to a new, less vulnerable site. In 2003, Newtok negotiated a land exchange agreement with the U.S. Fish and Wildlife Service and is now in the process of moving forward with plans to relocate their entire population to a new site. Moving the entirety of Newtok to its new location is anticipated to cost an estimated $80–130 million. Relocation efforts have been delayed for a variety of reasons, including funding constraints.
",,Full Case Study,,,7041,2770|2773|2966|45326|72158,500,,,,137|165|135|139|534|155|135|138|136|144,,564,7286,593|618|595|627|624,https://dev-cakex.pantheonsite.io/case-studies/relocating-village-newtok-alaska-due-coastal-erosion
1590,en,project,1,19,"Managed Retreat at Surfer’s Point, California",1278189047,1720467178,1,published,en,,59|60,,43|65481,,"Feifel, K. and Braddock, K.N. (2021). Managed Retreat at Surfer&#039;s Point, California [Case study on a project of the Surfrider Foundation]. Version 2.0. Product of EcoAdapt&#039;s State of Adaptation Program. Retrieved from CAKE: https://www.cakex.org/case-studies/managed-retreat-surfer’s-point-california (Last updated October 2021)",334,,Kirsten Feifel,176,,357,871|881,,POINT (-117.307902 33.080581),,,1589,,Photo attributed to Ken Lund. Incorporated here under the Creative Commons Attribution-Share Alike 2.0 Generic license. No endorsement by licensor implied.,,,"In Ventura, California, erosion at Surfer’s Point has been a cause of concern for residents and visitors since the 1980s. Eroding shorelines damaged a bike path and parking lot in the area. Managed retreat is a shoreline management approach used to allow eroding shorelines to advance landward. Coastal infrastructure may be relocated or destroyed as shorelines migrate inland. &amp;nbsp;The city’s response to erosion through the 1980s and 1990s was to use shoreline hardening, which ultimately resulted in more intense erosion at Surfer’s Point and at other areas along the coastline. In some places, more than 60 feet of land was lost.&amp;nbsp;In 1995, the California Coastal Commission denied the City of Ventura a permit to continue hardening its shoreline. A working group was created in 2001 to address erosion using a managed retreat approach by moving infrastructure inland and reestablishing the natural erosion buffer zone. The working group included the Ventura County Fairgrounds, California State Parks, California Coastal Commission, California State Coastal Conservancy, state legislators, Surfrider Foundation, Full Sail Windsurfing Club, and Ventura County Bicycle Coalition. The goals of this group were to create a project to relocate the bike path and parking lot 60 feet inland, remove rip-rap, restore the natural beach, provide beach renourishment, stabilize the shoreline, and petition for the removal of the nearby Matilija Dam to restore natural sand supply.By 2009, the managed retreat project was approved, an environmental impact report was completed, an agreement between the City of Ventura and the Fair Board was signed, and final designs and permits for the project were in progress. The leads of the project include ESA (Environmental Science Associates), RRM Design, Rincon Consultants, Coastal Restoration Consultants, and the Surfrider Foundation. The entire managed retreat project is estimated to cost about $11 million.",,"Phase I of the project used grant funds from the California State Coastal Conservancy and Federal Highway Administration to relocate the first half of the bike path and beach parking lot. Construction began in 2010 when concrete barriers, asphalt, underground utilities, and riprap were removed from the first half of the beach. The retreat zone established a buffer to future erosion by filling the excavated parking lot with 26,000 tons of cobble and 18,000 tons of sand. A new parking lot was constructed landward of the retreat zone and designed to improve water quality by using low impact development features to capture and filter stormwater runoff and limit flooding issues. In 2013, dunes were constructed in the retreat zone so that by 2014, a sediment reservoir and 70-foot wide buffer zone were established in the project site. Phase I planning and design cost approximately $2.2 million and construction cost $3.6 million.","Paul Jenkin
Ventura Campaign Coordinator
Surfrider Foundation
Pjenkin@surfrider.org
",,,,"Maintenance of the project site consists mostly of volunteer weeding and planting of native species along the dune area. In fall 2019, Phase II of the project was initiated. This phase, funded by a $335,000 grant from the California Ocean Protection Council, includes the design, engineering, and relocation of the remaining beachside bike path and parking lot, installing lighting and fences, and fixing stormwater systems. The final design was released in October 2020 and approved by the California Coastal Commission with some modifications in April 2021.Managed retreat is not always the most widely employed shoreline management strategy because it often requires some parties “giving up” their land to the sea. However, a planned retreat may prove to be the most economical and environmentally sound approach as the tide rises. Project leads point to good communication and participation with all the major players in the planning process as part of the project&#039;s success thus far. Updates can be found on the project’s home page and blog.",1,20056,454,Information gathered from online resources.  Last updated 10/21.,"Erosion has been a consistent problem at Surfer’s Point, a popular surfing spot in the City of Ventura, California, for more than 20 years. Multiple options were explored by city and nongovernmental groups, including the Surfrider Foundation. Surfrider played a critical role in the approval and implementation of a managed retreat strategy, which included relocation of a bike path and parking lot, beach renourishment, habitat restoration, and riprap removal.",,Full Case Study,,,7101|7081,72158,,,,,135|135|138,,564,7286|7396,596|598|595|623|627,https://dev-cakex.pantheonsite.io/case-studies/managed-retreat-surfer%E2%80%99s-point-california
2656,en,project,1,705,Kailua Beach and Dune Management Plan,1292015177,1635484842,1,published,en,,59,,2279,,"Kershner, J. (2021). Kailua Beach and Dune Management Plan [Case study on a project of the University of Hawaii Sea Grant College Program]. Version 2.0. Product of EcoAdapt&#039;s State of Adaptation Program. (Last updated March 2021)
",335,,Jessi Kershner,482|176|495|180,,355,,2010-11-02,POINT (-157.738266 21.402866),Phone,,2654,,"Photo attributed to Diego Delso, delso.photo. Incorporated here under the terms of the license CC BY-SA. No endorsement by licensor implied.
",2655,,"Kailua Beach is a crescent-shaped carbonate beach approximately two miles long located on the windward coast of O‘ahu, Hawai‘i. It is an intact beach and dune system with no shoreline armoring. The town of Kailua, primarily a residential community, abuts most of the beach. Kailua Beach is a dynamic coastal system with an alternating pattern of accretion and coastal erosion seen throughout its history. A 2009 University of Hawai‘i erosion mapping study revealed a long-term accretion trend in the north-central section of Kailua Beach and an erosion trend in the southern section. In general, however, Kailua Beach is not eroding substantially and is actually an accreting beach, having grown wider by a half meter per year over the last 70 years. This accretion trend is expected to reverse and start eroding with the onset of increased rate of sea level rise in the coming decades. Nevertheless, a number of threats may expose Kailua Beach to continued and increased erosion including:


	ineffective sand management practices in Kailua Beach Park;
	aggressive dune alteration and landscaping;
	lack of dedicated access points, which incentives people to find alternate routes through sensitive dune habitats;
	accreted land claims, subdivision, and new development closer to the ocean; and
	insufficient shoreline setbacks.


In addition, the long-term effects of sea level rise are expected to result in beach erosion and a landward shift of the beach system.

Because sea level rise is expected to impact beaches all over Hawai‘i, there was initial support for a statewide beach management plan. However, due to the unique nature of each island, as well as each beach area, it became apparent that a one-size-fits-all management approach was not practical. In&amp;nbsp;response, UHSG partnered with the DLNR&amp;nbsp;and OCCL&amp;nbsp;to develop a model comprehensive beach and dune management plan for Kailua Beach on which subsequent management and adaptation plans could be modeled. The plan was originally intended as a straightforward beach management plan but because climate change is predicted to be a strong driver of the coastal system, it is vital to consider (e.g., what to plan for, how to adapt, and what coastal retreat would look like). The plan has since evolved into a climate adaptation plan for Kailua Beach, specifically providing long-term recommendations and guidelines for adapting to climate change impacts (e.g., sea level rise). This management plan is meant to act as a model system for subsequent plans in Hawai‘i that will: (1) help prepare for and adapt to sea level rise and ensure the preservation of beach and dune ecosystems, and (2) address climate change adaptation through land use planning. The Kailua Beach and Dune Management Plan shares many of the same principles and values of the 2019 O‘ahu Resilience Strategy that is serving to define the priorities and actions for the island with a specific focus on climate change.
",,"The primary objectives identified by the Kailua Beach Management Plan include developing strategies to:


	Protect and enhance the sand-sharing system of Kailua Bay, as well as the cultural and natural resources of the dunes and beaches;
	Identify and monitor threats to beach resources including coastal processes and land use issues;
	Reduce coastal hazard exposure of abutting owners and develop a rewards system for abutting owners who participate in conservation strategies;
	Educate the public on appropriate coastal development practices as well as the potential impacts of climate change in Kailua;
	Assess the effectiveness of existing laws for dune and beach conservation;
	Foster a co-management agreement within the Kailua community;
	Identify community priorities and plan future coastal development in accordance with those priorities;
	Monitor shoreline processes to improve management plans; and
	Improve sand management practices at Kailua Beach Park.


The UHSG is also developing a citizen guide for dune and beach management and restoration in Hawai‘i.

The UHSG worked with a Hawai‘i-based coastal engineering company, Sea Engineering, Inc., to create future shoreline scenarios based on region-specific beach profile equilibrium solutions for dune migration under various sea level scenarios. Scenarios consisted of one, two, and three foot sea level rise over periods of 25, 50, and 100 years in order to forecast the location of the dunes and water line. The projections were based on current scientific knowledge and provide a useful picture of what future impacts sea level rise may produce at Kailua Beach.
",,,,,"Based on the model projections, the dune morphology will change at Kailua Beach in the next 50 years, although not substantially. In the next 100 years, however, with approximately three feet of sea level rise with unabated greenhouse gas emissions, the dunes may shift behind existing homes in some cases. One option is to utilize a coastal construction control line (CCCL) that is established to prohibit seaward development. The line would be adjusted every five years based on sea level rise data to account for beach changes. The goal of this collaboration is to improve the Kailua community’s resilience to climate change through understanding of climate change impacts on Kailua Beach, and facilitate better informed decision-making. The hope is that this project may be integrated into a series of regional beach management district plans for the windward side of O‘ahu, and provide a template for statewide climate change adaptation policy.
",1,20341,454|453,Information gathered from interviews and online resources. Last updated 7/21.,"Kailua Beach is located on the windward (eastern) shore of the island of O‘ahu. While Kailua Beach is currently relatively stable, it is still at risk from a number of threats including overdevelopment and sea level rise. In 2010, the University of Hawai‘i Sea Grant College Program (UHSG) partnered with the Hawai‘i Department of Land and Natural Resources (DLNR) and the Office of Conservation and Coastal Lands (OCCL) to develop a comprehensive beach and dune management and land use development plan for Kailua Beach. The plan provides long-term recommendations and strategies for adapting to climate change.&amp;nbsp;
",,Full Case Study,,,7101|7291|7026|7346,3006|62486|71143|72158,,,,,151|135|139|145|527|135|138,,561,7286,596|605|608|593|616|611|610|609|613|595|625|627|626|622|623|594|634|636,https://dev-cakex.pantheonsite.io/case-studies/kailua-beach-and-dune-management-plan
2692,en,project,1,20,Climate Change and the Florida Keys,1292344901,1635482815,1,published,en,,56|59,,39,,"Score, A. (2021). Climate Change and the Florida Keys [Case study on a project of Economic Strategies Pty Ltd. and NOAA’s Coral Reef Conservation Program]. Version 2.0 Product of EcoAdapt’s State of Adaptation Program. (Last updated August 2019)
",333,,Alex,482|171|495|498,,355,,,POINT (-81.782227 24.665323),,,2690|2691,,"Photo attributed to www.terraprints.com. Incorporated here under the Creative Commons Attribution 2.5 Generic license. No endorsement by licensor implied.
",2178,,"The U.S. Coral Reef Task Force recommended this study in the Florida Keys after the completion of a similar project in the Great Barrier Reef in Australia in 2004 by Ove and Hans Hoegh-Guldberg - The Implications of Climate Change for Australia&#039;s Great Barrier Reef. In 2005, NOAA&#039;s Coral Reef Conservation Program (CRCP) funded a scoping study to determine the feasibility of such a project. It was included in the Socioeconomic Research and Monitoring Program for the Florida Keys National Marine Sanctuary. At the local level, the project became a companion to the 12-year update of NOAA’s economic study on the recreation and tourism value of the Florida Keys. To achieve this, however, it proved necessary to analyze the global background in more detail than originally intended, because the project coincided in time with a growing scientific consensus that global climate change was becoming a more urgent issue to address.
",,"The project has four main components:


	Use scenario planning for climate change impacts from global to local levels;
	Estimate the value of economic activity in the Florida Keys;
	Analyze adaptive management options for the Florida Keys along with coral reef managers and local stakeholders; and
	Recommend climate change policies.


The project updated the four main global scenarios of the Intergovernmental Panel on Climate Change to assess the projected climate change impacts to the Florida Keys, concluding that only a concerted change towards environmentally sustainable global policies and continued efforts to increase the resilience of the reef and other natural resources can save the socioeconomic viability of the Florida Keys.

The Florida Keys economy depends on tourism to an unusual extent. The 12-year replication study shows that the pattern has changed toward the historic center of Key West away from marine and other nature-based activities. The main perceived threats include sea level rise, rising temperature,, ocean acidification, and increased extreme weather events. The main perceived strength is the integrated management approach of the Florida Keys National Marine Sanctuary, working with other local and regional authorities with strong support from the local community.
",,,,,"The Florida Keys are among the most vulnerable places in the United States to climate change. This project included the following policy recommendations to increase the resilience to climate change:


	Develop a binding international agreement on mitigation of greenhouse gas emissions.
	Support national, state, and local efforts that attempt to reduce greenhouse gas emissions.
	Encourage development of integrated marine and coastal zone management in the region.
	Create a climate change fund specific to the Florida Keys that can support adaptation measures.
	Incorporate climate change, conservation, and resource protection into local master plans.
	Enhance socio-ecological resilience of the region and encourage community participation.
	Educate stakeholders on climate change, mitigation, and adaptation.
	Incentivize climate change adaptation.

",1,20366,454,Updated December 7/21.,"This project - Climate Change and The Florida Keys - was modeled after a similar one conducted in the Great Barrier Reef, Australia. It identifies community perceptions on how to address mitigation and adaptation, and analyzes the likely socioeconomic and biophysical impacts of climate change on the region.
",,Full Case Study,,,7291|7026|7201,2150|652|2689|72158,499|500,,,,137|151|139|531|135|138|151|161|137,553,562,,593|611,https://dev-cakex.pantheonsite.io/case-studies/climate-change-and-florida-keys
2737,en,project,1,14,"Adapting to Rising Tides in San Francisco Bay, California",1292617438,1637109668,1,published,en,,56|59,,406,,"Gregg, R.M. &amp;amp; Polgar, S. (2021). Adapting to Rising Tides in San Francisco Bay, California [Case study on a project of the San Francisco Bay Conservation and Development Commission]. Version 2.0. Product of EcoAdapt’s State of Adaptation Program. Retrieved from CAKE: https://www.cakex.org/case-studies/adapting-rising-tides-san-francisco-bay-california&amp;nbsp;(Last updated October 2021)
",334,,,171|176|180|182,,357,871,,POINT (-122.429581 37.775419),,,189|147,,"This photo has been released into the public domain because it contains materials that originally came from the U.S. Army Corps of Engineers. No endorsement by licensor implied.
",,"Rachel M. Gregg, Sara Polgar","In 2009, BCDC released Living with a Rising Bay, its sea level rise assessment. A 20–55 inch rise in sea levels is projected by 2100, resulting in an estimated $36–62 billion in expenses, and increased flooding risk for 270,000 residents and 210,000 acres shoreline. The ART Project was created as an extension of this vulnerability assessment and facilitates connections between communities, scientists, managers, and planners at both the local and state level to address sea level rise. BCDC has partnered with NOAA to work with local communities to collectively gain a better understanding of how sea level rise and other climate change impacts will affect the region’s ecosystems, infrastructure, and economy, and to develop strategies to address these challenges. &amp;nbsp;
",,"A kickoff meeting for the ART Project was held in October 2010 in Oakland to introduce the project to local community members, managers, and planners. Representatives from BCDC and ICLEI-Local Governments for Sustainability provided overview presentations of projected climate change impacts on the San Francisco Bay Area and adaptation planning processes. Participants were invited to submit proposals for a subregional pilot project. A portion of the Alameda County shoreline from Emeryville to Union City was selected as the subregion, based on local community and stakeholder interest and capacity for participation, its diverse shoreline features, and presence of regionally significant transportation infrastructure.

In January 2011, the project partners convened a Subregional Working Group comprising representatives from the staff at local, county, regional, state and federal agencies that work in the subregion, as well as some private sector representatives with investments in the project area. This group helped project staff define goals and objectives, develop communications strategies, and identify important assets along the shoreline. An assessment of the subregion’s vulnerability and risk —the second phase of the Alameda County ART Project— began in June 2011 with an impacts assessment.&amp;nbsp;Project staff and the Subregional Working Group identified climate impacts associated with sea level rise and changes in storm events, and characterized the existing conditions of assets in twelve categories. In parallel, project consultants conducted a shoreline analysis of sea level rise and storm event flooding. This impacts assessment set the stage for a comprehensive evaluation of the vulnerability of the assets in the subregion based on their exposure and sensitivity to impacts, and capacity to adapt to changes. Input from Subregional Working Group members as well as other topical experts on the societal, economic, environmental and governance consequences of sea level rise and storm events, helped project staff evaluate risks within each category of shoreline asset, and identify issues that cut across multiple asset categories and management boundaries.

In July 2012, the Alameda County ART Project completed the vulnerability and risk assessment process and transitioned into adaptation planning. Project staff used the assessments as a foundation for identifying and evaluating possible adaptation strategies to improve the subregion’s resilience to climate impacts. In order to develop strategies that address cross-cutting issues and be pursued both locally and regionally, the Project Management Team and Subregional Working Group chose to focus on multiple geographic scales. The project concluded in 2013 and final products were released in January 2014 on the project’s website.&amp;nbsp;

Since the completion of the Alameda County project, the program has expanded to all nine counties in the San Francisco Bay Area. For example, the ART team conducted vulnerability assessments in to better understand the potential impact of sea level rise on water services and water management. This included an inventory of existing conditions and asset profiles for collection devices, weirs, storm gates, pump stations, and other essential water infrastructure in the Contra Costa Water District, City of Martinez, East Bay Municipal Utility District, West County Wastewater District, North Richmond Water Reclamation Plant, Richmond Advanced Recycling Expansion, and the Point Isabel Wet Weather Facility.

The ART Program also developed several visualization tools for the Bay Area, including the ART Bay Area Shoreline Flood Explorer and East Contra Costa County Shoreline Flood Explorer. In March 2020, ART released Adapting to Rising Tides Bay Area: Regional Sea Level Rise Vulnerability and Adaptation Study. This study compared the impacts of sea level rise across the region with the goal of increasing the resilience of the Bay Area. Developed as a decision-support tool, it provides refined guidance for local and regional planners regarding adaptation responses to sea level rise and flooding. Additional ART projects include:


	Bay Area Transportation Climate Resilience&amp;nbsp;(initiated 2011, completed 2014)
	Stronger Housing, Safer Communities&amp;nbsp;(initiated 2013, completed 2015)
	Hayward Shoreline Resilience Study&amp;nbsp;(initiated 2013, completed 2015)
	Oakland/Alameda Resilience Study&amp;nbsp;(initiated 2013/2014, completed 2016)
	Contra Costa County ART Project&amp;nbsp;(initiated 2014, completed 2016)
	Local Hazard Mitigation and Climate Adaptation Plans&amp;nbsp;(initiated 2015, ongoing)
	East Contra Costa County Vulnerability Assessment and Adaptation Planning&amp;nbsp;(initiated 2017, completed 2020)
	Accelerating Implementation of Local and Regional Resilience to Climate Change&amp;nbsp;(initiated 2018, ongoing)

","Dana Brechwald
Program Manager, Adapting to Rising Tides
San Francisco Bay Conservation and Development Commission
Dana.brechwald@bcdc.ca.gov &amp;nbsp;

Jaclyn Mandoske
Coastal Scientist, Adapting to Rising Tides
San Francisco Bay Conservation and Development Commission
Jaclyn.mandoske@bcdc.ca.gov &amp;nbsp;&amp;nbsp;&amp;nbsp;&amp;nbsp;&amp;nbsp;&amp;nbsp;
",,,,"Coordinating across jurisdictions at regional and local scales is often a challenge for programs such as ART. The funding and staff capacity required as well as local policy limitations can act as barriers in starting and sustaining efforts, particularly as there is no formula for sharing the responsibility of addressing climate change (i.e. state, county, or municipalities). Another issue is that residents do not experience climate change in a vacuum; they are often dealing with multiple social, economic, and ecological issues that complicate priorities. ART addresses these challenges by coordinating across stakeholder groups to develop networking processes, such as collective monitoring and knowledge sharing programs.

Ultimately, the ART Project aims to develop a regional adaptation planning process for use by multiple communities, with anticipated outcomes including:


	Increased capacity for vulnerability assessment and implementation of adaptation responses
	Improved collaboration and cooperation between local and regional stakeholders in addressing climate change and sea level rise
	Expanded access to adaptation planning tools for use by local communities

",1,20436,454,Information gathered by interviews and online resources. Updated by project staff 10/21. ,"As one of the largest and most developed estuaries in North America, San Francisco Bay is under increasing pressure to plan for sea level rise. Anticipated sea level rise ranges from 20 to 55 inches along the California coast. As part of its mission to protect and enhance the Bay and ensure its wise use, the San Francisco Bay Conservation and Development Commission (BCDC) has been working to incorporate climate change and sea level rise scenarios into its comprehensive plan. In addition, BCDC has partnered with the National Oceanic and Atmospheric Administration (NOAA)’s Coastal Services Center (now the Office for Coastal Management) to create the Adapting to Rising Tides (ART) Project in order to assist communities in the Bay Area prepare for sea level rise. The ART Project has engaged local, regional, state, and federal agencies and organizations, as well as non-profit and private associations to address two questions:


	How will sea level rise and other climate change impacts affect the future of Bay Area communities, ecosystems, infrastructure, and the economy?
	What strategies should be pursued, both locally and regionally, to reduce and manage these risks?

",,Full Case Study,,,7101,777|72158,,,,,139|135|138,,564,,593|614|639|616|615|612,https://dev-cakex.pantheonsite.io/case-studies/adapting-rising-tides-san-francisco-bay-california
2758,en,project,1,14,Creating Resilient Water Utilities Program,1292639751,1732063005,1,published,en,,56|59,,406,,"Gregg, R. M. (2021). Creating Resilient Water Utilities Program [Case study on a project of the U.S. Environmental Protection Agency’s Office of Water]. Version 2.0. Product of EcoAdapt’s State of Adaptation Program. (Last updated May 2021)",334|333|332,,,182,,357,876,,,,,2757,,Photo attributed to McGhiever. Incorporated here under the Creative Commons Attribution 3.0 Unported license. No endorsement by licensor implied.,,,"Climate change is projected to result in increased temperatures, altered precipitation patterns, sea level rise, and changes in water quality and quantity. The water utilities sector—including wastewater, stormwater, and drinking water—needs to adjust to these potential impacts while protecting the services they provide. The Creating Resilient Water Utilities Program (CRWU)—formerly known as Climate Ready Water Utilities—provides the water utilities sector with tools to support the development and implementation of climate change adaptation plans.",,"A CRWU Working Group was created in 2009 by the National Drinking Water Advisory Council. The Working Group consisted of 20 members, representing water utilities, state and local governments, and academic and environmental organizations, with support from representatives from the U.S. Army Corps of Engineers, Centers for Disease Control and Prevention, Federal Emergency Management Agency (FEMA), and the National Oceanic and Atmospheric Administration (NOAA). Water utility members included the Metropolitan Water Reclamation District of Greater Chicago, Orange Water and Sewer Authority, Seattle Public Utilities, Sewage and Water Board of New Orleans, East Bay Municipal Utility District, Spartanburg Water, Southern Nevada Water Authority, Miami-Dade Water and Sewer Department, and Navajo Tribal Utility Authority, among others. The Working Group was charged with:Defining characteristics of “climate-ready” utilities;Identifying climate change-related tools and resources to assist water utilities’ planning efforts; andDetermining methods to facilitate adaptation and mitigation by the water sector throughout the United States.The Working Group provided recommendations to the National Drinking Water Advisory Council on the potential effectiveness of the CRWU Program in December 2010. Since 2010, CRWU has developed a series of tools to support utility decision-making on climate change and extreme weather events.",,,,,"CRWU offers seven primary tools for water utility owners and operators, including the Climate Resilience Evaluation and Assessment Tool, Resilient Strategies Guide for Water Utilities, Workshop Planner for Water Utilities Adapting to Extreme Weather Events, the Case Study and Information Exchange, a series of videos sharing resilience efforts by local water utilities, and maps of storm surge and streamflow projections.Climate Resilience Evaluation and Assessment ToolThe U.S. EPA developed the Climate Resilience Evaluation and Assessment Tool (CREAT) to assist utilities in understanding and assessing risks from climate change and extreme weather impacts. Users are guided through an assessment of regional climate change threats and associated impacts on critical assets and the development of associated adaptation strategies. CREAT provides risk reduction benefits and costs reports to support the evaluation of strategies and integrates with the Resilient Strategies Guide and the Vulnerability Self-Assessment Tool (VSAT).&amp;nbsp;Resilient Strategies Guide for Water UtilitiesCRWU created the Resilient Strategies Guide for Water Utilities—formerly known as the CRWU Toolbox (taken offline in September 2015)&amp;nbsp;-&amp;nbsp;which provides resources ranging from climate science to mitigation and adaptation strategies. Users are led through a series of prompts to filter potential options and generate a report of priority strategies; the effectiveness of these priorities can then be evaluated using CREAT. Users can filter strategy options by:Water Utility Type (e.g., drinking water, stormwater/wastewater, combined)State/TerritoryWater Utility Size (e.g., small [less than 10,000], medium [10,000–99,999], large [100,000 and above])Priorities (e.g., Flooding, wildfires, saltwater intrusion; flood protection, water conservation, green infrastructure)Assets (e.g., aquifers, buildings, wells)Mitigation and Adaptation Response Strategies and Costs (e.g. Build infrastructure for aquifer storage and recovery [$$$], Build capacity [$])Funding Sources and Project Type (e.g., foundation, a federal agency; capital projects, planning, operations)Workshop Planner for Water Utilities Adapting to Extreme Weather EventsThe Workshop Planner was designed to help utility staff and other stakeholders conduct adaptation workshops in response to climate change and extreme weather impacts. The materials can be used to create customized workshops around five scenarios: floods, droughts, wildfires, sea level rise, and reduced snowpack.CRWU Case Study and Information ExchangeThe Case Study and Information Exchange presents over 50 user-submitted stories of adaptation planning efforts to address drought, flood, ecosystem changes, water quality, and service reliability.Videos of Utilities&#039; Adaptation PlanningCRWU creates and shares water utilities’ resilience stories on YouTube. Featured stories include those focused on Camden, NJ; Faribault, MN; Fredericktown, MO; Harrisburg, PA; Manchester-by-the-Sea, MA; and Waynesboro, TN.Mapping ToolsThe Storm Surge Inundation Map&amp;nbsp;allows users to explore the potential effects of flooding caused by hurricanes. Data used in the tool include the National Hurricane Center’s hurricane strike dataset, NOAA’s Sea, Lake, and Overland Surge from Hurricanes (SLOSH) model results, and FEMA’s 100- and 500-year flood zone maps. The Streamflow Projections Map&amp;nbsp;allows users to explore low, average, and high streamflow projection rates.Resources:Climate Resilience Evaluation and Awareness Tool (CREAT) Risk Assessment Application for Water UtilitiesConduct a Drinking Water or Wastewater Utility Risk AssessmentResilient Strategies Guide for Water UtilitiesPreparing for Extreme Weather Events: Workshop Planner for the Water SectorCRWU Case Study and Information ExchangeVideos of Adaptation Planning by Water UtilitiesStorm Surge Inundation MapStreamflow Projections Map",1,67316,454,Information collected through online resources. Last updated 5/21.,"The U.S. Environmental Protection Agency’s Creating Resilient Water Utilities Program provides water utilities with technical assistance to prepare for the effects of global climate change. In addition, the program provides water utility owners and operators with tools and resources to support climate mitigation and adaptation approaches.",,Full Case Study,,,7291|7026,834|72158,,,,,139|524|139|155|155|540|161|137,,564,7409,593|614|639|640|641|611|618|595|622|625|626,https://dev-cakex.pantheonsite.io/case-studies/creating-resilient-water-utilities-program
2761,en,project,1,14,U.S. Global Change Research Program,1292641972,1722471166,1,published,en,,56|57,,406,,"Gregg, R. M. (2021). U.S. Global Change Research Program [Case study on a project of the U.S. Global Change Research Program]. Version 2.0. Product of EcoAdapt’s State of Adaptation Program. Retrieved from CAKE: https://www.cakex.org/case-studies/us-global-change-research-program (Last updated October 2021)",334|335|333|331|332,,Rachel Gregg,166|177|482|171|484|177|174|176|491|175|493|181|495|180|182|498,,357,,,POINT (-95.712891 37.09024),,,2760,,Photo attributed to Royalbroil. Incorporated here under the Creative Commons Attribution 3.0 Unported license. No endorsement by licensor implied.,5323,,The U.S. Global Change Research Program (USGCRP) was established with the passage of the Global Change Research Act in 1990. The USGCRP is charged with coordinating scientific research within the Federal Government on global change and its potential implications for natural environments and communities. Federal departments and agencies that participate in the USGCRP include:Department of AgricultureDepartment of Commerce &amp;nbsp;Department of DefenseDepartment of EnergyDepartment of Health and Human ServicesDepartment of the InteriorDepartment of StateDepartment of TransportationEnvironmental Protection AgencyNational Aeronautics and Space AdministrationNational Science FoundationSmithsonian InstitutionAgency for International DevelopmentMembers from each of the aforementioned departments and agencies are on the Subcommittee on Global Change Research within the National Science and Technology Council.,75377|75378|75379,"Among the main activities of the USGCRP are the provisioning of assessment and educational materials for use by the public and private sectors.AssessmentsAs part of its mandate, the USGCRP produces global change impacts assessments every four years. The first—National Assessment of the Potential Consequences of Climate Variability and Change in the United States—was completed in 2000. The most recent—Fourth National Climate Assessment—was released over two volumes in 2017 and 2018. These assessments include impacts by geographic region and economic sectors, along with potential adaptation responses and case studies where available. As part of this effort, the USGCRP created NCAnet, a network of over 225 organizations and agencies that serve as both users and producers of information for the National Climate Assessment.The USGCRP maintains the Indicator Platform, which aggregates climate-related indicators from federally-supported, peer-reviewed data sources that track how conditions are changing and may inform management efforts. Example indicators include sea surface temperatures, terrestrial carbon storage, sea level rise, ocean chlorophyll concentrations, and Arctic sea ice extent.In addition, the USGCRP (formerly the U.S. Climate Change Science Program) led the production of 21 Synthesis and Assessment Products (SAPs), released between 2004 and 2009, concerning climate trends, impacts, and management options. The SAPs concerned with climate change adaptation include:SAP 4.1 – Coastal Sensitivity to Sea‐Level Rise: A Focus on the Mid‐Atlantic RegionSAP 4.2 – Thresholds of Climate Change in EcosystemsSAP 4.3 – The Effects of Climate Change on Agriculture, Land Resources, Water Resources and BiodiversitySAP 4.4 – Preliminary Review of Adaptation Options for Climate‐Sensitive Ecosystems and ResourcesSAP 4.5 – Effects of Climate Change on Energy Production and Use in the United StatesSAP 4.6 – Analyses of the Effects of Global Change on Human Health and Welfare and Human SystemsSAP 4.7 – Impacts of Climate Variability and Change on Transportation Systems and InfrastructureEducational MaterialsThe USGCRP created the Climate Change, Wildlife, and Wildlands Toolkit for Formal and Informal Educators in order to aid educators in communicating how climate change will affect the environment and how people can become “climate stewards.” The 2009 version of the Toolkit contains background information on climate change science, a video on projected climate impacts on wildlife and habitats, and 11 case studies in eco-regions throughout the U.S. containing regional impacts and adaptation strategies. The eco-regions include: Western Forests and Mountains, Western Coastline, Eastern Coastline, Gulf Coast, Pacific Islands, Caribbean, Great Lakes, Eastern Forests and Woodlands, Polar/Subpolar, Desert Arid, and Prairie Grasslands.The USGCRP also released a guide called Climate Literacy: The Essential Principles of Climate Science, which contains details on climate change science and impacts and mitigation and adaptation strategies. The guide was developed through collaboration between federal agencies and non-governmental organizations.",,,,,"The USGCRP is mandated to coordinate federal research on climate change and to assess global change in national assessments; the fifth National Climate Assessment is in development. In addition, the USGCRP participates in international collaborative efforts such as the Intergovernmental Panel on Climate Change assessments, the World Climate Research Programme, and the Inter-American Institute for Global Change Research.",1,20521,449|451|450,Information collected through publications. Last updated 10/21.,"The U.S. Global Change Research Program’s mission is “to build a knowledge base that informs human responses to climate and global change through coordinated and integrated federal programs of research, education, communication, and decision support.” The Program produces assessments of climate change and its implications, connects producers and users of the National Climate Assessment, and provides educational materials to support climate literacy and educational development.",,Full Case Study,,,7291,2750|825|852|839|3022|1287|72158,,,,,137|154|165|146|151|135|148|154|139|524|134|145|527|146|529|530|531|533|534|145|139|155|155|145|540|135|138|136|144|154|140|151|160|162|161|137,,564,7396,593|614|639|641|611|610|616,https://dev-cakex.pantheonsite.io/case-studies/us-global-change-research-program
2765,en,project,1,14,Climate Change and the National Marine Protected Areas Center,1294270264,1732062353,1,published,en,,56|57|59,,406,,"Gregg, R. M. (2020). Climate Change and the National Marine Protected Areas Center [Case study on a project of the National Marine Protected Areas Center]. Version 2.0. Product of EcoAdapt’s State of Adaptation Program. (Last updated May 2020)",334|335|333|331|332,,Rachel Gregg,482|493|498,,357,881,,,,,2764,,Photo attributed to Foreign and Commonwealth Office. Incorporated here under the Open Government Licence version 1.0 (OGL v1.0). No endorsement by licensor implied.,61931,,"Executive Order 13158, released in 2000, called for the development of a scientifically-based national system of MPAs representing diverse marine ecosystems and cultural resources. The MPA Center, also established in 2000, is charged with facilitating the management of protected areas in U.S. waters. The MPA Center collaborates with MPA managers to protect the nation’s natural and cultural marine resources. The MPA Center’s goals include:Improving MPA design and facilitating stewardship and effectiveness of MPAs;Encouraging coordination and collaboration at international, national, regional, and local levels regarding MPA activities; andAdvancing public knowledge and support for MPA programs.As its primary goal, the MPA Center is building a national network of MPAs. The purpose of this national network is “to support the effective stewardship, conservation, restoration, sustainable use, and public understanding and appreciation of the nation’s significant natural and cultural marine heritage and sustainable production of marine resources, with due consideration of the interests of and implications for all who use, benefit from, and care about [the] marine environment.” These interconnected, protected areas can strengthen the resilience of marine resources to the effects of global climate change, including sea level rise, increasing ocean temperatures, melting sea ice, ocean acidification, and altered weather patterns.",,"In its 2010–2015 Strategic Plan, the MPA Center prioritized the use of MPAs as a means to foster resilience to climate change. Ways in which a national network of MPAs may increase resilience to climate change include:Reducing non-climate stressors (e.g., limiting or eliminating destructive fishing practices, overfishing, pollution)Establishing MPAs in areas where species are expected to be more resilient to climate change impactsProtecting resources most at risk from climate change (e.g., unique or rare) by creating climate refugiaDesigning MPAs to adjust for species range shifts and support connectivityActing as sentinel monitoring sites from which researchers can evaluate the effects of global climate changeThe updated 2019–2024 Strategic Plan calls for improved design, management, and overall effectiveness of MPAs by increasing adaptive management to respond to climate change and existing and emerging uses of these areas (e.g., boating, aquaculture).",,,,,"The existing inventory of MPAs includes 1,700 sites, including those managed by federal agencies (e.g., U.S. Fish and Wildlife Service, National Oceanic and Atmospheric Administration), coastal states and territories, and federal/state partnerships. The MPA Center is also the designated U.S. lead for the North American Marine Protected Areas Network (NAMPAN), a network of MPAs between Canada, Mexico, and the United States. NAMPAN was established through the Commission for Environmental Cooperation that developed a Rapid Vulnerability Assessment Tool with EcoAdapt that helps managers evaluate the implications of climate change.Resources:Executive Order 13158: Marine Protected Areas (2000)Marine Protected Areas in a Changing ClimateNorth American Marine Protected Area Rapid Vulnerability Assessment ToolOffice of Ocean &amp;amp; Coastal Resource Management HighlightThe MPA Inventory",1,20531,449|451|450,Information collected through publications. Last updated 8/21.,"The National Marine Protected Areas Center (MPA Center) is preparing for climate change by building a national system of MPAs. This national system is meant to be geographically and ecologically diverse and represent local, state, regional, and national interests. These protected areas can foster resilience to climate change impacts while conserving natural and cultural marine resources of national importance.",,Full Case Study,,,7291,3013|72158,,,,,137|154|165|145|146|531|533|145|145|135|138|154|140|137,,563,7409,596|597|598|599|608,https://dev-cakex.pantheonsite.io/case-studies/climate-change-and-national-marine-protected-areas-center
2770,en,project,1,14,"Relocating the Native Village of Shishmaref, Alaska Due to Coastal Erosion",1292711786,1729723766,1,published,en,,59,,406,,"Gregg, R. M. (2020). Relocating the Native Village of Shishmaref, Alaska Due to Coastal Erosion [Case study on a project of the Shishmaref Erosion and Relocation Coalition]. Version 2.0. Product of EcoAdapt&#039;s State of Adaptation Program. (Last updated July 2020)",331|332,,Rachel Gregg,179|171|484|177|175|181|180|182,,357,,,POINT (-166.071944 66.256667),,,2769|2969,"Kawerak, Inc. ",,,,"Shishmaref, Alaska is located on Sarichef Island, a ¼ mile-wide and three-mile-long barrier island&amp;nbsp;in the Chukchi Sea. Shishmaref, inhabited for over 4,000 years, is a federally-recognized traditional Inupiat Eskimo village of approximately 600 residents, which leads a fishing and subsistence lifestyle. This barrier island is incredibly susceptible to loss of property, infrastructure, and life due to coastal erosion, thawing permafrost, and flooding issues.The sea icepack that typically develops in the fall buffers the village and shoreline from coastal storms. Reduced sea ice along the coast due to rising air and water temperatures is allowing for stronger storm surges to reach the shoreline, which is already destabilized by melting permafrost.&amp;nbsp; Approximately three to five feet of erosion per year on the shoreline with more severe erosion rates during the coastal storms of 1973, 1997, and 2001 have been observed. In 1997, more than 30 feet of shoreline eroded, requiring the immediate relocation of 14 homes; five more homes were moved a few years later. The Shishmaref Erosion and Relocation Coalition was created in 2001 to address the immediate and future threats posed by erosion and flooding to the village. Continuous storms and erosion events encouraged residents to first vote to relocate the village in 2002. &amp;nbsp;&amp;nbsp;",,"The Shishmaref Erosion and Relocation Coalition created a strategic plan for relocation in 2002 and the village has been seeking funds and support to move forward with relocation since. In 2004, the U.S. Army Corps of Engineers conducted a cost analysis for the relocation of Shishmaref. The alternative courses of action studied and costs estimated included: Staying in Place ($110 million), Relocating to a New Site ($180 million), Collocating to Nome ($94 million), and Collocating to Kotzebue ($141 million). Collocating or merging with other villages may be cheaper than relocation but the risk is high that the village’s lifestyle and culture will be lost. With these estimates, the Shishmaref Erosion and Relocation Coalition decided to continue with their relocation efforts. These relocation estimates were further supported by a 2006 Army Corps of Engineers’ erosion study on Alaskan communities, including Shishmaref. This assessment (Alaska Village Erosion Technical Assistance Program) determined that the estimated cost of moving Shishmaref is $100–200 million and that the village has 10–15 years before existing locations are overcome by erosion and flooding problems. In December 2007, an inland location, Tin Creek, was approved as the new site during a public meeting, but melting&amp;nbsp;permafrost and distance from the ocean (i.e.&amp;nbsp;for fishermen and subsistence hunters) remained major concerns.&amp;nbsp;&amp;nbsp;&amp;nbsp;&amp;nbsp; &amp;nbsp;Shishmaref participated in a planning process through the Alaska Climate Change Impact Mitigation Program, which provides technical assistance to communities. The 2014–2016 Alaska Community&amp;nbsp;Coastal Protection Project focused on developing community resilience plans for Kivalina, Shishmaref, and Shaktoolik. This effort was funded through the Alaska Coastal Impact Assistance Program in partnership with the state Division of Community and Regional Affairs. An Inter-Agency Planning Work Group was established during this effort to support the implementation of several priority actions from the 2016 Shishmaref Strategic Management&amp;nbsp;Plan. The plan classifies actions as imminent (e.g., urgent actions needed immediately) and critical (e.g., actions needed within five years). Imminent actions include conducting a relocation site feasibility study and emergency drills and exercises. Critical actions include water and sewer upgrades, constructing an evacuation center, conducting a coastal flooding analysis, installing a seawall, increasing the use of traditional ecological knowledge in decision making, and investing in local leadership development programs.The Shishmaref Relocation Site Feasibility&amp;nbsp;Study was completed in 2016 with a grant from the Division of Community and Regional Affairs. The study evaluated five options—(1) Protect-in-Place, (2) West Nunatuq, (3) Old Pond, (4) West Tin Creek Hills, and (5) Tin Creek—with respect to factors such as vulnerability to storm surge, flooding, erosion, and high winds; access to traditional use areas and subsistence camps; and costs of relocation (e.g., preparing the new site, developing access roads, cost of living, etc.). West Nunatuq ranked poorly in most categories, while Old Pond and West Tin Creek Hills rated highly, particularly with respect to being less vulnerable to physical processes and development potential. In August 2016 by a vote of 94–78, residents elected to relocate to either Old Pond or West Tin Creek Hills on the mainland.","Charlene Saclamana
Kawerak Emergency Preparedness Specialist&amp;nbsp;
csaclamana@kawerak.org

Albert M. L Beck, P.E.&amp;nbsp;
Project Delivery Lead, State of Alaska Department of Transportation and Public Facilities
2301 Peger Rd Fairbanks, AK 99709-5316&amp;nbsp;
albert.beck@alaska.gov&amp;nbsp;

Sally Russell Cox
Division of Community and Regional Affairs
Alaska Department of Commerce, Community, and Economic Development
sally.cox@alaska.gov
",,,,"Shishmaref continues to apply for state and federal funding to support capacity building and technical assistance to facilitate the relocation process. While continuing to apply for grants, Shishmaref is also developing a series of emergency preparedness and response plans as called for in the Alaska Climate Change Sub-Cabinet Immediate Action Workgroup’s 2008 report, Recommendations Report to the Governor’s Sub-cabinet on Climate Change, in case funding cannot be found to support relocation.&amp;nbsp;&amp;nbsp;&amp;nbsp;&amp;nbsp;Ongoing short-term shoreline protection and hardening measures have been funded by state and federal agencies for the village that are incredibly costly (e.g., 200’ rip rap seawall at $2.2 million in 2004; $6.5 million for more seawall construction in 2007). More recent estimates are that over $25 million has been spent to attempt to hold back the sea in Shishmaref.The U.S. Government&amp;nbsp;Accountability Office has identified thirty other coastal villages in Alaska that may need fast-paced relocations to escape erosion and melting permafrost. At least 12 Native Alaskan villages have elected to explore relocation as a viable alternative as their towns are swallowed by the sea.&amp;nbsp;These sites include Newtok, Kivalina, Shishmaref, Shaktoolik, Allakaket, Golovin, Hughes, Huslia, Koyukuk, Nulato, Teller, and Unalakleet. In November 2019, Shishmaref ranked&amp;nbsp;as the second most at-risk community in Alaska—behind Shaktoolik—due to the combined threats of erosion, flooding, and melting permafrost.Resources:Alaska&#039;s Incredible Shrinking Village: Rising seas are claiming Shishmaref and its Native culture of self-sufficiency&amp;nbsp;Shishmaref Relocation Plan Update (2010)Shishmaref Relocation Site Selection Feasibility Study (2016)Statewide Threat Assessment: Identification of Threats from Erosion, Flooding, and Thawing Permafrost in Remote Alaska Communities (2019)Alaska Community Coastal Protection ProjectShishmaref Strategic Management Plan (2016)Report to Congressional Requesters: Alaska Native Villages&amp;nbsp;",1,20541,452,Information collected through publications. Last updated 8/21.,"The Native Village of Shishmaref is located on Sarichef Island in the Chukchi Sea. This barrier island is highly vulnerable to coastal erosion, thawing permafrost, and flooding. Relocation efforts have been underway since 2001, however, a lack of funding has delayed the process and people and infrastructure remain at risk.",,Full Case Study,,,7041,1588|2773|2612|2966|2971|2972|2970,500,,,,137|165|151|135|527|534|155|155|135|138|136|144|140|137,,564,7409,593|614|640|595|624|627|594,https://dev-cakex.pantheonsite.io/case-studies/relocating-native-village-shishmaref-alaska-due-coastal-erosion
2773,en,project,1,14,"Relocating the Village of Kivalina, Alaska Due to Coastal Erosion",1292712834,1729723313,1,published,en,,59|60,,406,,"Gregg, R. M. (2021). Relocating the Village of Kivalina, Alaska Due to Coastal Erosion [Case study on a project of the Kivalina Relocation Planning Committee]. Version 2.0. Product of EcoAdapt’s State of Adaptation Program. (Last updated July 2021)",331|332,,Rachel Gregg,179|484|175|181|182,,357,871,,POINT (-164.533333 67.726944),,,2772|2969,,This photo has been released into the public domain because it contains materials that originally came from the U.S. Army Corps of Engineers. No endorsement by licensor implied.,,,"Kivalina is located at the tip of an eight-mile barrier reef about 80 miles north of the Arctic Circle. It is a traditional Inupiat Eskimo village in which subsistence activities provide the majority of food supply (e.g., seal, walrus, whale, salmon, and caribou). Ninety-eight percent of the population is the Inupiaq people of Kivalina, also known as Kivallinigmiut. As of 2018, Kivalina was home to 440 residents living in approximately 70 homes.Relocation has been a long-term issue in Kivalina. In 1953, overcrowding and erosion motivated a public vote for relocation but it was turned down with a 50/50 vote; a similar vote and result occurred in 1963. Since 1953, when the village covered approximately 54 acres, erosion activity shrank the area to less than 27 acres, making relocation more necessary. Finally, in 1992, residents voted to begin the process of relocating due to ongoing hazards, including storm surges, sea ice encroachment on land, erosion, landslides, and earlier, shorter hunting seasons. Various sites have been identified and evaluated for suitability. Residents voted to move to Igrugaivik in 1998 and Kiniktuuraq in 2000, both of which were rejected by the USACE. Kiniktuuraq, a village about 7.5 miles away from Kivalina, is still preferred but the relocation process has been interrupted by various problems.",72435,"The Kivalina Relocation Master Plan was released in 2006 by the USACE. The report examines a few alternatives for the village including: Do Nothing, Improve Existing Site, and Move to a New Site (e.g., Imnaaquq Bluffs, Simiq, Tatchim Isua, Kiniktuuraq, Igrugaivik, or Kuugruaq). The report concludes that Alternative 1 (Do Nothing) is not suitable because Kivalina will soon be overrun by flooding and erosion issues. Alternative 2 (Improve Existing Site) is also not suitable because of existing environmental and socioeconomic issues (e.g., erosion, overcrowding, poverty). Relocation was determined to be the preferred alternative and was supported by the ACE’s 2006 erosion study (Alaska Village Erosion Technical Assistance Program). This assessment determined that the estimated cost of moving Kivalina is $95–125 million and that the village has 10–15 years before existing locations are overcome by erosion and flooding problems. More recent estimates range from $100–400 million.Despite relocation being determined as the best option and of the utmost urgency, many of the sites examined in the Kivalina Relocation Master Plan as potential relocation options were declared unsuitable due to cost, susceptibility to erosion and flooding, and/or social and cultural objections. The village’s preferred relocation site, Kiniktuuraq, was deemed to be “geotechnically inappropriate and strategically problematic” by the USACE because of ongoing erosion and flooding potential. The USACE instead suggested Tatchim Isau and Imnaaquq Bluffs as alternatives.In the interim, Kivalina participated in two planning processes between 2009 and 2016 through the Alaska Climate Change Impact Mitigation Program, which provides technical assistance to communities. The first effort—the 2009–2010 Consensus Building Project—assessed natural hazards and relocation options, and gathered community input through surveys and workshops to identify areas of common ground with respect to the future of Kivalina. The second effort—the 2014–2016 Alaska Community Coastal Protection Project—focused on developing community resilience plans for Kivalina, Shishmaref, and Shaktoolik. This effort was funded through the Alaska Coastal Impact Assistance Program in partnership with the state Division of Community and Regional Affairs. An Inter-Agency Planning Work Group was established during this effort to support the implementation of several priority actions from the 2016 Kivalina Strategic Management Plan. The plan classifies actions as imminent (e.g., urgent actions needed immediately) and critical (e.g., actions needed within five years). Imminent actions include conducting emergency drills and exercises and developing and distributing personal emergency kits. Critical actions include water and sewer upgrades, constructing an access road for a new school, installing erosion control measures for the airport and landfill, and increasing the use of traditional ecological knowledge in decision making.","Janet Mitchell
City Administrator
Alaska Department of Commerce, Community, and Economic Development
kivalinacity@aim.com&amp;nbsp;
https://www.commerce.alaska.gov/web/dcra/ &amp;nbsp;&amp;nbsp;
",,,,"The USACE determined that the village-preferred site, Kiniktuuraq, was unsuitable and prone to flooding and erosion in the 2006 Relocation Master Plan. The alternate sites proposed by the USACE are unacceptable to the village due to costs and inconvenience to their subsistence activities and cultural lifestyle. Kivalina has asked that a third party step in to reassess the alternatives in the Relocation Master Plan; the Climate Change Sub-Cabinet’s Immediate Action Workgroup has proposed that a state agency be the lead in this process.Kivalina continues to apply for state and federal funding and support to build capacity and technical assistance to facilitate the relocation process. The village faces a number of problems including choosing the best site, locating funding, and dealing with internal social issues such as overcrowding, poverty, and public health impacts. Meanwhile, increasing coastal storms, thawing permafrost, and chronic shoreline erosion continue to threaten both life and property on the island, particularly as the Strategic Management Plan notes that Kivalina may become uninhabitable by 2025. The village is running out of room to safely house critical infrastructure while accommodating important cultural sites, such as the burial grounds that are expected to be lost to sea level rise in the next few years.In January 2020, the Alaska Institute for Justice requested a United Nations investigation into the United States’ lack of support for the displacement and relocation of indigenous peoples affected by climate change. The complaint was filed on behalf of Kivalina and tribes in Louisiana (e.g., Point-au-Chien Indian Tribe, Grand Caillou/Dulac Band of Biloxi-Chitimacha-Cochtow Tribe, Grand Bayou Indian Village, and the Isle de Jean Charles Band of Biloxi-Chitimacha-Chochtow Indians).The U.S. Government Accountability Office has identified thirty other coastal villages in Alaska that may need fast-paced relocations to escape erosion and melting permafrost. At least 12 Native Alaskan villages have elected to explore relocation as a viable alternative as their towns are swallowed by the sea.&amp;nbsp;These sites include Newtok, Kivalina, Shishmaref, Shaktoolik, Allakaket, Golovin, Hughes, Huslia, Koyukuk, Nulato, Teller, and Unalakleet. In November 2019, Kivalina ranked as the third most at-risk community in Alaska—behind Shaktoolik and Shishmaref, respectively—due to the combined threats of erosion, flooding, and melting permafrost.Resources:The Impact of Climate Change on Kivalina, AlaskaKivalina Consensus Building Project:&amp;nbsp;Final Project Report (2010)Climate Change in&amp;nbsp;Kivalina, Alaska:&amp;nbsp;Strategies for Community HealthStatewide Threat Assessment: Identification of Threats from Erosion, Flooding, and Thawing Permafrost in Remote Alaska Communities",1,20551,452,Information collected through publications. Last updated 7/21.,"Residents in Kivalina, Alaska have pursued relocation efforts for almost 20 years because of overcrowding and erosion problems. The village twice identified preferred relocation sites but both were deemed unsuitable by the U.S. Army Corps of Engineers (USACE) due to projected flooding and erosion problems. The relocation process is in a stalemate as the village seeks technical assistance and funding to support their efforts, and identify a more suitable location. In the meantime, severe coastal storms, thawing permafrost, and shoreline erosion continue to threaten both life and property in the area.",,Full Case Study,,,7041,1588|2770|2966|2970|2967|2973|72158,500,,,,137|165|151|135|139|527|530|534|139|155|155|135|138|136|144|140|161|137,,564,7409,593|618|595|624|625|627|594,https://dev-cakex.pantheonsite.io/case-studies/relocating-village-kivalina-alaska-due-coastal-erosion
2815,en,project,1,14,Assessing the Relative Coastal Vulnerability of National Park Units to Sea Level Rise and Lake Level Changes,1292803364,1732061415,1,published,en,,56|57,,406,,"Gregg, R. M. (2020). Assessing the Relative Coastal Vulnerability of National Park Units to Sea Level Rise and Lake Level Changes [Case study on a project of the National Park Service - Geologic Resources Division and the U.S. Geological Survey - Woods Hole]. Version 2.0. Product of EcoAdapt’s State of Adaptation Program. Retrieved from CAKE: https://www.cakex.org/case-studies/assessing-relative-coastal-vulnerability-national-park-units-sea-level-rise-and-lake-level-changes&amp;nbsp;(Last updated April 2020)",334|333|332,,Rachel Gregg,482|176,,357,,,,,,2784|2814,,,,,"The NPS manages 392 national parks and 40 national heritage sites over 84 million acres throughout the states and territories of the United States. Of these, the NPS manages about 7,500 miles of shoreline. Sea level rise associated with global climate change will likely result in increased coastal erosion, salinization of water supplies, flooding, and wetland inundation in coastal areas. Lake level changes in the Great Lakes region will likely occur because of changes in precipitation patterns and extremes. The NPS Geologic Resources Division and the USGS have been conducting sea level rise and lake level change hazard assessments for NPS units since 2001.",,"The project involves creating maps of vulnerable areas through a coastal vulnerability index (CVI) to assist the NPS manage its protected areas in the face of rising sea levels. The CVI allows scientists to quantify potential physical changes to the shoreline from sea level rise. The criteria used in the assessment include six different variables that affect coastal vulnerability such as:&amp;nbsp;tidal range and wave height, which contribute to inundation risk; coastal slope, which contributes to the susceptibility of the shoreline to flooding and rate of shoreline retreat or advance; historic shoreline change, which indicates erosion/accretion rates over time; geomorphology, which indicates relative erodability; and historical sea level rise rates, which indicate the correlation between eustatic sea level rise and tectonic uplift or subsidence. The CVI examines vulnerability in relation to the coast’s natural adaptive ability to adjust to sea level rise in order to find a relative measure of the shoreline’s natural vulnerability to sea level rise.The project includes assessments of the following National Park units:Glacier Bay National Park and Preserve (Alaska)Kenai Fjords National Park (Alaska)Assateague Island National Seashore (Maryland/Virginia)Cape Cod National Seashore (Massachusetts)Cape Hatteras National Seashore (North Carolina)Cumberland Island National Seashore (Georgia)Fire Island National Seashore (New York)Gateway National Recreation Area (New York/New Jersey)Apostle Islands National Lakeshore (Wisconsin)Indiana Dunes National Lakeshore (Illinois)Sleeping Bear Dunes National Lakeshore (Michigan)Dry Tortugas National Park (Florida)Gulf Islands National Seashore (Florida/Mississippi)Padre Island National Seashore (Texas)Virgin Islands National Park (Virgin Islands)Channel Islands National Park (California)Golden Gate National Recreation Area (California)Olympic National Park (Washington)Point Reyes National Seashore (California)Kaloko-Honokōhau National Historical Park (Hawaii)National Park of American Samoa (American Samoa)War in the Pacific National Historical Park (Guam)","Erika Lentz, Ph.D.
Woods Hole Coastal and Marine Science Center
elentz@usgs.gov
",,,,CVI assessments for each park are available here. These assessments are being used to inform long-term management decisions and to assess long-term threats to natural and cultural resources in NPS coastal units.,1,20656,451,Information collected through published resources. Last updated December 7/21.,"The National Park Service (NPS) manages about 7,500 miles of shoreline in its various units throughout the United States. Since 2001, the NPS Geologic Resources Division has partnered with the U.S. Geological Survey (USGS) to conduct sea level rise and lake level change hazard assessments for 23 coastal NPS sites.",,Full Case Study,,,7291|7026,2956|72158,,,,,135|139|145|529|540|135|138|140,,564,7409,593|611|610,https://dev-cakex.pantheonsite.io/case-studies/assessing-relative-coastal-vulnerability-national-park-units-sea-level-rise-and-lake-level-changes
6720,und,project,1,14,"Integrating Climate Change into the Planning and Operations of the Apostle Islands National Lakeshore, Wisconsin",1360007877,1583179976,1,published,und,,,,406,,"Gregg, R. M. (2012). Integrating Climate Change into the Planning and Operations of the Apostle Islands National Lakeshore, Wisconsin [Case study on a project of the Apostle Islands National Lakeshore]. Product of EcoAdapt&amp;#39;s State of Adaptation Program. Retrieved from CAKE: http://www.cakex.org/case-studies/integrating-climate-change-planning-and-operations-apostle-islands-national-lakeshore-w (Last updated October 2012)",334,,,482|491,,355,,,POINT (-90.690835 47.002730),,,5547,,Photo attributed to Towpilot. Incorporated here under the Creative Commons Attribution 3.0 Unported license. No endorsement by licensor implied.,,,"APIS is located on the northernmost point of the Bayfield Peninsula in Wisconsin. The park includes over 42,000 acres of land on twelve miles of mainland shoreline and 21 islands, plus approximately 27,000 acres of surrounding&amp;nbsp; Lake Superior waters (NPS 2011). The major climate impacts of concern for the park are increasing air and water temperatures and changes in precipitation patterns and extremes, which are projected to cause lower lake levels and decreased winter ice. Some of these changes, such as increasing temperatures and reduced ice cover, have already been documented in the park.Under the leadership of Superintendent Bob Krumenaker, APIS has incorporated climate change into its operations and broader sustainability efforts. In 2008, APIS joined the Climate Friendly Parks system, created by the National Park Service to provide parks with the resources needed to respond to climate change. The requirements for being a Climate Friendly Park include conducting an emissions inventory, creating a reduction strategy, developing an Action Plan, and increasing education and outreach on climate change issues. The Apostle Islands National Lakeshore Action Plan includes metrics to achieve these goals; the park has made a number of strides in its reduction strategy, including increasing the use of biodiesel and running many facilities within the park&amp;rsquo;s property on solar power. In addition, APIS has incorporated climate change into its GMP, expanded its educational and interpretive efforts to emphasize climate change, and made infrastructure improvements where possible.",,"Park Planning and OperationsThe APIS GMP is intended to guide natural and cultural resource management in the park for the next 15-20 years. This process began in 2005 and was completed in 2011. Climate change was not one of the initial focus areas but with the direction of Superintendent Krumenaker, it was incorporated as an important regulatory and management issue for the park&amp;rsquo;s natural and cultural resources, facilities, and visitors. The plan includes desired conditions (e.g., APIS is a carbon neutral park that promotes climate change awareness and education and incorporates adaptation into its operations) and strategies to achieve those conditions (e.g., reducing greenhouse gas emissions, increasing educational efforts and interpretive exhibits, conducting scientific and monitoring studies, engaging in scenario planning efforts). It is not a prescriptive plan for how to respond to climate change but the inclusion of climate change as a major issue affecting the park supports the justification to study and reduce the extent of impacts where possible, and enhances the development of a climate-informed management perspective.&amp;nbsp;Education and InterpretationAPIS has made strides in expanding its educational and interpretive efforts with regards to climate change. The Northern Great Lakes Visitor Center Climate Change Exhibit was designed with the support of the National Park Service, U.S. Forest Service, the University of Wisconsin, and the Great Lakes Indian Fish and Wildlife Commission. The &amp;ldquo;Changing Climate, Changing Culture&amp;rdquo; exhibit includes the effects of climate change on the native Ojibwe culture and other residents in the region. In addition, APIS and its partners received a grant through the 2012 Parks Climate Change Program to take the messages from the exhibit and transform and apply them into a local curriculum for school teachers.Infrastructure ImprovementsAPIS has also made changes to infrastructure on site in response to some of the more noticeable effects of a changing climate, such as lower lake levels. Lake Superior experienced record low levels in 2007. As lake levels declined, the park lost between 25-50% of its functional dock space; shallower water exposed the docks&amp;rsquo; beams, leaving the docks high above the water line and putting boaters and their boats at risk. Park staff had to weigh the costs and benefits of infrastructure retrofitting to meet the needs of boaters while also finding a cost-effective, sustainable approach; these decisions were complicated by the uncertainty in many models around how climate change will drive lake level changes in the region. With the support of a $12,000 grant from Friends of the Apostle Islands National Lakeshore, park management decided to lower the surface level of some docks by six to twelve inches and install vertical rails to protect boats from being trapped underneath. These docks are not flexible or adjustable in any way, but the vertical rails support a wider flexibility of conditions (e.g., boats can bump against the rails rather than getting swept under the dock and the rails provide boaters with a stable structure on which to tie their boats). The park also competed successfully for NPS infrastructure funding to completely replace three old&amp;nbsp; park docks, and built each one with a lower surface than what it replaced.",Bob KrumenakerSuperintendentbob_krumenaker@nps.gov,,,,"APIS has taken advantage of opportunities to become a climate-smart park in its planning, operational, and educational efforts. Through all of its activities, APIS has benefited from strong partnerships, especially within the northern Wisconsin sustainability community, and from strong leadership. Superintendent Krumenaker is the lead of an formal regional climate change task force, which developed in 2012 a Midwest regional strategy based upon the four tenets of the National Park Service&amp;rsquo;s Climate Change Response Strategy &amp;ndash; Science, Mitigation, Education, and Adaptation.",1,20951,,"Information gathered from interview with project contact on May 16, 2012, publications, and other resources.. Case study reviewed by project contact.","The Apostle Islands National Lakeshore (APIS) in Wisconsin is integrating climate change in its planning and operations. APIS became a member of the National Park Service&amp;rsquo;s Climate Friendly Parks program in March 2008 and is incorporating the overall National Park Service Climate Change Response Strategy into sustainability efforts on site. In addition, climate change was included in the 2011 APIS General Management Plan (GMP), which acts as a guide for park managers to use in decision making about resource protection, visitor experience and education, and facility development within the park&amp;rsquo;s boundaries. The climate change component of the plan calls for park staff to use an adaptive management approach in addressing climate change on park lands and to engage in scientific studies and inventories to support decision making. APIS has also expanded its educational efforts on climate change and made infrastructure improvements in response to lower lake levels.",,Full Case Study,,,7006,,,,,,137|529|139|140|137,,564,,593|614|616|613|595|626|594|634|636,https://dev-cakex.pantheonsite.io/case-studies/integrating-climate-change-planning-and-operations-apostle-islands-national-lakeshore-wisconsin
6809,und,project,1,14,Climate Change Adaptation Planning at the State Level in Minnesota,1361923300,1583179976,1,published,und,,,,406|1904,,"Gregg, R. M. &amp;amp; Hitt, J. L. (2012). Climate Change Adaptation Planning at the State Level in Minnesota [Case study on a project of the Interagency Climate Adaptation Team and the Climate Change Adaptation Working Group]. Product of EcoAdapt&amp;#39;s State of Adaptation Program. Retrieved from CAKE: www.cakex.org/case-studies/climate-change-adaptation-planning-state-level-minnesota (Last updated October 2012)",334,,,491|182,,357,,,,,,6101,,Photo attributed to Lazy Lightning. Incorporated here under the Creative Commons Attribution 2.0 Generic license. No endorsement by licensor implied.,,,"Minnesota contains 11,842 lakes over 10 acres in size, 6,564 natural rivers and streams that flow approximately 69,200 miles, and a total surface water area of 13,136,357 acres; these freshwater bodies drain into the Hudson Bay watershed, the Atlantic Ocean, and the Gulf of Mexico (MDNR 2008). The economy is incredibly diverse, represented by agriculture, forestry, mining, manufacturing, recreation, tourism, and energy, among others. Climate change may have both positive and negative effects on the state&amp;rsquo;s natural, human, and built systems. These primary and secondary impacts include increases in temperatures, flooding, diseases, droughts, and wildfires; biodiversity and habitat loss; longer growing and allergy seasons; more extreme heat and weather events; lower lake levels; and increasing energy demand and usage.Recognizing these projected impacts, Minnesota formed the ICAT in 2009, which is composed of representatives from the Pollution Control Agency and the Departments of Natural Resources, Commerce, Public Safety, Health, Agriculture, and Transportation. ICAT operates in conjunction with the state CCAWG, led by the University of Minnesota&amp;rsquo;s Water Resources Center. Members of the CCAWG include representatives from the state Departments of Natural Resources, Health, and Transportation and the Pollution Control Agency, Metropolitan Mosquito Control District, National Oceanic and Atmospheric Administration, U.S. Geological Survey, U.S. Army Corps of Engineers, cities and counties, the University of Minnesota, nonprofits, and the private sector.",,"ICAT began examining projected climate impacts in July 2009 and released Adapting to Climate Change in Minnesota in fall 2010; the report includes a description of projected climate change impacts and adaptation examples from different state agencies.The CCAWG comprises representatives from federal, regional, state, and local governments, nonprofits, academia, and the private sector that work together to advance adaptation through research and education. The CCAWG operates under seven priorities and associated goals and strategies:Assess needs for research, education, outreach, collaboration, and monitoring by synthesizing information on existing adaptation efforts, identifying knowledge gaps and data needs, and determining priorities to support collaboration on adaptation initiatives.Advance adaptation research by identifying financial and partnership opportunities and coordinating information sharing around research activities.Act as an information clearinghouse by creating an engaged and informed network of practitioners and a space for information sharing.Communicate policy and management recommendations by producing impacts and adaptation synthesis reports and collaborating with other Midwest states.Provide education by engaging the public, promoting climate adaptation, and hosting conferences, workshops, and webinars.Inform decision makers and the public by coordinating information dissemination and providing management recommendations.Evaluate outcomes by developing and applying performance metrics and indicators for adaptation success.",Faye SleeperCo-Directorfsleeper@umn.edu,,,,"ICAT and the CCAWG are the primary consortiums leading climate adaptation efforts in Minnesota. Many initiatives by these groups and their members have either been completed or are underway; for example:ICAT is coordinating activities among the state departments and actively collaborates with the CCAWG. Some activities that have been identified as priorities include developing better projection tools, identifying and assessing vulnerability and risk, increasing information sharing and exchange, enhancing trainings and capacity building, developing and applying a climate monitoring framework to support the tracking of climate impacts and management actions, and developing a long-term climate adaptation plan for the state.The CCAWG has been meeting regularly since June 2008 and sponsored the 2010 Clean Water and Climate Adaptation Summit with the Minnesota Landscape Arboretum and the Minnehaha Creek Watershed District. This two-day event focused on green infrastructure and climate change adaptation, including presentations and discussions on impacts, climate models,&amp;nbsp; possible challenges for management, and potential solutions. The group hosts regular climate seminars and utilizes a web-based platform (Ning) through which participants network and communicate.The Minnesota Department of Health formed an internal adaptation working group, which created a five-year Strategic Plan to Adapt to Climate Change in 2010. The plan identifies six goals: (1) researching, monitoring, and reporting on climate-related public health impacts; (2) developing mitigation and adaptation strategies and tools to support decision making and planning related to public health and climate change; (3) identifying at risk populations; (4) improving emergency and disaster response planning and preparedness; (5) increasing adaptive capacity; and (6) communicating with and educating practitioners, decision makers, and the public on the effects of climate change on public health and safety.The Department of Agriculture created an Air Quality Team to coordinate and communicate on activities affecting air quality, including climate change.The Department of Public Safety is developing adaptation goals to include in the state&amp;rsquo;s hazard mitigation plan.The Department of Natural Resources has included climate change mitigation, adaptation, and monitoring as part of its Strategic Conservation Agenda. This includes preserving lands and forests that can uptake and store greenhouse gases, creating wildlife corridors and enhancing connectivity to facilitate species movement, and monitoring climate change impacts and evaluating the efficacy of mitigation and adaptation measures. The department runs the Sustaining Lakes in a Changing Environment (SLICE) program, which monitors lake conditions in response to impacts from land use patterns and climate change, and is conducting a vulnerability assessment of species and habitats that will be incorporated into the State Wildlife Action Plan.",1,20971,453,"Information gathered from interview with project contact June 20, 2012 and other resources.","The Minnesota Interagency Climate Adaptation Team (ICAT) and the state Climate Change Adaptation Working Group (CCAWG) are complementary initiatives designed to address and develop responses to the effects of climate change. These groups and their members are developing and implementing strategies to advance climate change adaptation in the state in order to limit negative effects, take advantage of potential opportunities, and improve the resilience of natural and human systems in a changing climate.",,Full Case Study,,,7006,9854,,,,,137|154|146|148|139|524|145|529|140,,564,,596|599|593|614|616|611|615|619|613|595|622|624|594|634|635,https://dev-cakex.pantheonsite.io/case-studies/climate-change-adaptation-planning-state-level-minnesota
27741,en,project,1,849,"Bridgeport, Connecticut Climate Preparedness Workshops",1422391981,1583179976,1,published,en,,56,,2873,,"Whelchel, A. (2015). Bridgeport, Connecticut Climate Preparedness Workshops. Ed. Rachel M. Gregg [Case study on a project of The Nature Conservancy and partners]. Retrieved from CAKE: www.cakex.org/case-studies/bridgeport-connecticut-climate-preparedness-workshops (Last updated January 2015)",334,,,,,355,,,POINT (-73.189438 41.179226),,,982|2169,,,2873,,"In the fall of 2011, a new partnership formed between the City of Bridgeport, Greater Bridgeport Regional Council, The Nature Conservancy, Clean Air-Cool Planet, and the Regional Plan Association.&amp;nbsp;The partnership’s focus was on increasing awareness of risks associated with extreme weather and natural and climate-related hazards, and assessing the risks, strengths and vulnerabilities within the City of Bridgeport.&amp;nbsp;This focus was actualized through a series of initial presentations, individual interviews, and outreach to build stakeholder willingness and engagement followed by a series of Climate Preparedness Workshops in the winter/spring of 2012.&amp;nbsp;The core directive of this effort was the engagement with and between community stakeholders in order to facilitate the education, planning, and ultimately implementation of priority adaptation actions.&amp;nbsp;To reinforce this directive, the workshops had several central objectives including:Defining extreme weather and local natural and climate-related hazards;Identifying existing and future vulnerabilities and strengths;Developing and prioritizing actions for the city and a broad stakeholder network; andIdentifying opportunities for the community to advance adaptation actions.",,"The workshops incorporated elements of the National Oceanic and Atmospheric Administration’s Office for Coastal Management&#039;s Roadmap for Adapting to Coastal Risk within a visualization and decision-support process developed and provided by The Nature Conservancy’s Coastal Resilience Connecticut Program that relied on the Conservancy&#039;s Risk Matrix approach.&amp;nbsp;Through this process, rich with information, experience, and dialogue, the participants discussed the top hazards and current concerns, challenges, strengths, and assets of the City of Bridgeport; stakeholders also identified recommendations to improve the city’s resilience to natural and climate-related hazards today and in the future.",,,,,"Top Hazards Identified for the Greater Bridgeport RegionDuring the workshop, participants were asked to identify the primary regional hazards. These included:Frequency and severity of coastal and inland flooding;Storm surge from tropical storms and hurricanes;Sea level rise and rising groundwater;Snow, ice, rain, and wind storms;Droughts and extreme heat; andTornados and earthquakes.Many of these hazards are already having direct effects on several neighborhoods, natural areas (i.e. streams, wetlands, beaches, parks), roads, and other critical facilities in the city.&amp;nbsp;Current Concerns and Challenges Presented by HazardsThe City of Bridgeport currently has several concerns and challenges related to the impacts of hazards in the community. Many of these were brought to the fore during the city’s experiences with extreme flooding (March 2010), a tornado (June 2010), Tropical Storm Irene (August 2011), and an October 2011 snowstorm.&amp;nbsp;Emergency management access and ability to evacuate residents and commuters during an extreme event were identified as a key concern. The immediate impact from flooding to critical facilities and infrastructure such as the power plant, airport, transportation routes (e.g., rail, primary and secondary roads, bus stations and lines), gas stations, energy transformers, private and public seawalls and levees, stormwater and sewer, and the city and regional power grid (e.g., generator safety, emergency generators) were raised. Concerns about environmental impacts to coastal and inland wetlands by storms and sea level rise were also identified, including the loss of ecological productivity and storm protection through a conversion to mudflats and open water. &amp;nbsp;&amp;nbsp;Current Strengths and Assets within BridgeportThe City of Bridgeport views its recent experiences with increasingly extreme weather patterns and hazard events as ongoing issues to be addressed boldly and with urgency.&amp;nbsp;Actions that the city has already initiated are focused on several key areas of preparedness:Existing AssetsNew Emergency Operations Center with rigorous protocols, growing number of shared regional resources, and increasing level of training and expertise among staff;Recognition by the National Weather Service as the first “StormReady Community” in Connecticut;The city Police Department’s special water rescue team and general increase in emergency preparedness, as well as a full-time paid Fire Department;Increase in food supply assistance from the state coupled with new initiatives to increase local food production (i.e., urban agriculture);Ongoing dialogue between federal, regional, municipal, and neighborhood levels on response and preparedness;Compelling commitment for inter-departmental engagement to update problem-solving techniques and continue Bridgeport’s revitalization process, including climate preparedness and resilience planning;Strong social services network: faith-based community of 75 churches, sheltering facilities, and hospitals; andRich natural resources, recreational areas, and green infrastructure that provide buffering, water storage and protective capacity to the City along with the Bridgeport Harbor’s breakwater and riverine networks.New Standards A financial allocation of $50 million has been made to address the all-too-frequent flooding under railroad bridge crossings and viaducts;New building code provisions are being developed that would increase building stock resilience to damage from natural hazards, improve public safety, and take sea level rise into account; andStrategic infrastructure improvements are being phased in along with new “green” technologies in sustainable design that will, when feasible, become part of Bridgeport’s future construction projects.&amp;nbsp;Top Recommendations to Improve Bridgeport’s Resilience to HazardsThe responses from the workshops’ participants regarding recommended actions to reduce exposure to natural hazards fell into several categories – pre-disaster planning and post-disaster response and recovery; development/redevelopment and infrastructure; and overall improvements to the city’s climate preparedness and resilience. Pervasive throughout the discussion was the need to proactively manage the risk posed by these hazards as well as the need to comprehensively assess the return on actions within an economic, societal, and ecological context. A few of the top recommendations include:Pre-disaster Planning &amp;amp; Post-disaster Response and RecoveryStrengthening existing communication systems to ensure a widespread and rapid alert system via expanded communication networks.Develop and install color code evacuation routes (i.e., signs and website) that is accepted and followed by citizens of Bridgeport and the surrounding municipalities and are linked to well-marked sheltering facilities.Development and InfrastructureImprove ability of drinking water supply reservoirs to accommodate high-intensity, short-duration rain events.Reassess the capacity of existing flood control structures across the city, in particular, Ox Brook, Rooster River, and North Bridgeport.Expand the separation of sewer and surface runoff across more of the city’s water/sewer infrastructure (i.e., CSO separation).Overall Improvements in Climate Preparedness and ResilienceReassess current capacity and needs of sheltering, cooling, and medical networks across the city as well as adjoining municipalities in the Greater Bridgeport Region.Continue to increase the effectiveness of the current emergency communication system and infrastructure with residents (i.e., communication trees) and commuters.&amp;nbsp;Reassess effectiveness and shortfalls of emergency systems and infrastructure after major events.Increase community awareness and preparedness through education and outreach, via the religious communities, public libraries, the college, and the university.Protect and restore natural systems on the watershed and full coastline scales; replant Remington Woods Riparian Zone, Pleasure Beach, inland wetlands, and tidal wetlands (East End, Stratford Great Meadows, Harbor areas, Ash Creek).",1,23271,,Submitted by project lead. Edited by CAKE Content Editor,"The Bridgeport Climate Preparedness Workshops: Summary of Findings report is the culmination of an engagement process focused on comprehensively reducing risk and improving resilience in the City of Bridgeport, Connecticut through a community-driven process. This effort identified the top priority adaptation actions for the city derived through stakeholder consensus. Since the finalization of the Summary of Findings report, the City of Bridgeport has advanced many of the priorities and was recently recognized as a finalist for the U.S. Department of Housing and Urban Development&#039;s Rebuild by Design competition.",,Full Case Study,,,7131,2778|27781|28361|28116|1288|28121,499|501,,,,135|139|524|145|527|139|135|138|140,,561,,593|615|612|594|635,https://dev-cakex.pantheonsite.io/case-studies/bridgeport-connecticut-climate-preparedness-workshops
32276,en,project,1,14,"Recognizing Coral Adaptations to Environmental Stressors, National Park of American Samoa",1574904515,1582926235,1,published,en,,57,,,,"Clark, T. (2015). Recognizing Coral Adaptations to Environmental Stressors, National Park of American Samoa [Case study on a project of the National Park of American Samoa]. Excerpted from Schupp, C.A., R.L. Beavers, and M.A. Caffrey [eds.]. 2015. Coastal Adaptation Strategies: Case Studies. NPS 999/129700. National Park Service, Fort Collins, Colorado. Retrieved from CAKE: www.cakex.org/case-studies/recognizing-coral-adaptations-environmental-stressors-national-park-american-samoa&amp;nbsp;(Last updated November 2015)
",335|333,,,166|171|171,,,,,POINT (-170.683594 -14.258061),,,32181,,This image has been released into the public domain because it contains materials that originally came from the National Park Service. No endorsement by licensor implied.,,Tim Clark,"The coral reefs in and around the park support more than 975 fish species and 250 coral species, and a high diversity of invertebrates. Disturbances such as cyclones are expected to increase with climate change, but the principal threat to coral reefs is global warming, which increases nearshore water temperatures and, in turn, increases coral disease and coral bleaching events. Coral reefs within the park and worldwide are expected to experience substantial mortality, up to 90% loss by the end of the century. Ocean acidification, which is caused by increased levels of carbon dioxide in the atmosphere, prevents corals from absorbing the calcium carbonate they need to maintain their skeletons, and dissolves the stony skeletons that support corals and reefs.

The corals in Ofu Lagoon are remarkably resilient to the multiple environmental stressors affecting them, such as high daily temperatures (regularly exceeding 31°C/88°F) and large fluctuations in temperature (range of 4.4°C/8°F), pH (varying by more than 0.5 units of pH), and dissolved oxygen (from 50% to 200%). In 2002 and 2003, increased water temperatures caused extensive coral bleaching, an event in which the heat-stressed coral polyps expel their symbiotic zooxanthellae, which are tan colored, causing coral to look white or “bleached.” Surprisingly, the corals in Ofu Lagoon experienced less bleaching than other nearby reefs. Although the Ofu Lagoon corals are better adapted to the lagoon environment than corals transplanted from other reefs in American Samoa, they do not fare as well when they are transplanted to areas outside the lagoon.

More research would help the National Park Service (NPS) to understand this unique tolerance to high temperatures and other stressors, and the implications of this resilience for the health of corals worldwide; to identify areas of reefs in Samoa that would benefit most from protection and conservation; and perhaps to use these corals to reseed areas where corals have been lost to climate change impacts.&amp;nbsp;
",,"The park works closely with territorial government agencies and advisory groups to develop solutions to concerns related to coral reef health and expected impacts of climate change. This is not only an effective collaboration but it is also necessary, because the park leases rather than owns the lands and waters within its boundaries, and so must negotiate management plans and actions with traditional landowners and village councils in addition to American Samoa government agencies.

To study and support research on this unique coral reef system, the park operates a laboratory facility on the island of Ofu. This facility supports park and university researchers, and includes an experimental coral tank system that the park designed and built to study the effect of temperature shifts on living coral. Local Samoan interns provide field assistance and monitor experiments while researchers are away.

Results from recent research indicate that heat tolerance derives from both the coral polyps and also from their symbiotic photosynthesizing zooxanthellae. The gene expression of heat-sensitive corals can change in response to heat stress, but the most resilient corals in the Ofu Lagoon already have those thermal tolerance genes “turned on.” Additionally, the zooxanthellae in Ofu corals are of four different genotypes, or clades; the corals with clade D were found to be more resilient to heat stress but less tolerant of cooler waters in comparison to coral with other clades. Over time, selection for the thermal tolerance gene expression and the clade D zooxanthellae may allow coral reefs to adapt to higher temperatures and fluctuations. This appears to already have occurred in Pool 300 in the park’s section of the Ofu reef lagoon, making these corals some of the most heat tolerant known.

Related studies conducted near the park found that discharging cooler water onto heat-stressed reefs could speed and sustain recovery from coral bleaching events. Furthermore, ultraviolet protection from shade cloth improved coral health. The park is conducting baseline studies of corals within park waters; data will allow comparison with future coral cover. The NPS Pacific Islands Network Inventory and Monitoring Program also provides water quality data and natural resources inventories for the park.
",,,,,"Results of these studies help the park in planning long-term management efforts, such as identifying new candidates for marine protected areas. It would be most effective to target areas that are expected to have higher resiliency to climate change provided that other locally controlled stressors (such as destructive fishing practices) are reduced; examples include shaded areas at the base of cliffs, and reef edges that experience cold-water upwelling events. Although actions such as shading and cool-water discharge would not allow coral to adapt to changing conditions or slow climate change, these strategies could be implemented for short-term solutions, such as briefly protecting small areas of reef, while longer-term management decisions are resolved.&amp;nbsp;

In addition to working with agencies and community groups on broad efforts to protect island reefs and other natural and cultural resources, the park has also developed educational outreach programs focusing on how to minimize individual contributions to climate change.

-------


This case study is part of the 2015 National Park Service report, Coastal Adaptation Strategies: Case Studies. These case studies initially were developed by park managers as part of a NPS-led coastal adaptation training in May 2012. The case studies follow the format created for EcoAdapt’s Climate Adaptation Knowledge Exchange (CAKE) database, including a list of adaptation strategies. All case studies were updated and modified in September 2013 and March 2015 in response to a growing number of requests from coastal parks and other coastal management agencies looking for examples of climate change adaptation strategies for natural and cultural resources and assets along their ocean, lacustrine, and riverine coasts.


&amp;nbsp;
",1,66936,449|451,"Submitted by user and reviewed by CAKE Content Editor November 2015
","Ofu Lagoon, part of the National Park of American Samoa, contains a healthy coral reef habitat that supports a diversity of species. The park is working with university partners towards the goal of understanding the unique adaptations of the coral in Ofu Lagoon to multiple environmental stressors associated with climate change.
",,Full Case Study,,"Dr. Tim Clark
Marine Ecologist
Tim_Clark@nps.gov&amp;nbsp;
",7101|7291|7026|7346,69316|69226|69191,500,,,,137|154|160|162|137,551,,7286,596|605|608|593|639|616|611,https://dev-cakex.pantheonsite.io/case-studies/recognizing-coral-adaptations-environmental-stressors-national-park-american-samoa
34076,en,project,1,2699,Climate-Smart Adaptation for the North-central California Coast and Ocean,1477675378,1583179976,1,published,en,,,,7144,,"Hutto, S. (2016).&amp;nbsp;Climate-Smart Adaptation for the North-central California Coast and Ocean. Ed. Rachel M. Gregg [Case study on a project of the Greater Farallones National Marine Sanctuary]. Retrieved from CAKE:&amp;nbsp;http://www.cakex.org/case-studies/climate-smart-adaptation-north-central-california-coast-and-ocean&amp;nbsp;(Last updated November 2016)",334,,,482,,355,871|881,,POINT (-123.580655 38.482110),,,2804,,Photo attributed to Daniel di Palma. Incorporated here under the Creative Commons Attribution-Share Alike 2.5 Generic license. No endorsement by licensor implied. ,7144,,"In 2009, the Gulf of the Farallones and Cordell Bank Sanctuary Advisory Councils recognized the importance of understanding climate change impacts to sanctuary resources, and called for the formation of a working group of local scientists from 16 agencies, organizations, and institutions to assess and downscale global climate change information into a regional climate change survey for north-central California coast and ocean ecosystems. The resulting Climate Change Impacts Report documents recent observations and potential impacts, including: observed increase in surface ocean temperature offshore of the continental shelf; observed increase in extreme weather events (winds, waves, and storms); expected decrease in seawater pH due to uptake of carbon dioxide by the ocean; observed northward shift of key species (including Humboldt squid, volcano barnacle, gray whales, and bottlenose dolphins); possible shift in dominant phytoplankton (from diatom to dinoflagellate blooms); and the potential for effects of climate change to be compounded by parallel environmental changes associated with local human activities. This document serves as a robust, peer-reviewed, and scientifically sound foundation for climate adaptation planning. Recommendations from this report include the reduction of manageable stressors to enhance ecosystem resilience and the creation of policies and management strategies to minimize future impacts. In response to the recommendations and final report, the GFNMS Climate-Smart Conservation Program, in partnership with Greater Farallones Association, was begun as an effort to integrate adaptation planning, as well as monitoring, mitigation, and climate change education, into sanctuary management.&amp;nbsp;The goal of the project was to enable marine resource managers to respond to, plan, and manage for the impacts of climate change to habitats, species, and ecosystem services within the North-central California coast and ocean region. Specifically, the project sought to integrate climate-smart adaptation into existing management frameworks, and provide guidance to help ensure long-term viability of the habitats and resources that natural resource agencies are mandated to protect.To meet the project goal, the following overarching objectives were identified:Produce scientifically sound vulnerability assessments of focal resources through expert elicitation and literature review.&amp;nbsp;Convene a Working Group of the Sanctuary Advisory Council to develop and prioritize climate change adaptation recommendations that can be feasibly implemented by managers, while considering a range of plausible future climate scenarios.&amp;nbsp;Develop an implementation plan for sanctuary management based on the approved adaptation actions.&amp;nbsp;Serve as a pilot climate-smart adaptation project for other marine protected areas, such as national marine sanctuaries, statewide, nationally, and internationally.The project was funded by the GFNMS, California Landscape Conservation Cooperative, and Seed Fund.To effectively manage these resources in a changing climate, it was critical to explicitly link vulnerability to management actions. This was accomplished through a strong collaboration of over a dozen partners in the science and management community that convened to develop strategies to address multiple stressors and resources, and discover multiple benefits for management actions. This Climate-Smart Adaptation Working Group sought to ensure long-term viability of the species and habitats natural resource agencies are mandated to protect, and the public values. The Working Group developed 50 priority strategies and 28 lower priority strategies in 10 categories, including Alleviate Climate Impacts, Manage Dynamic Conditions, Promote Education, Protect and Restore Habitat, Limit Human Disturbance, Address Invasive Species, Promote Landward Migration, Invest in Science Needs, Protect Species, and Manage Water Quality. These strategies have been distributed to all management entities in the region, and in November 2016, GFNMS released a Climate Action Plan to detail implementation of select strategies.&amp;nbsp;",,"Project Components:&amp;nbsp;Phase 1 – Vulnerability Assessment&amp;nbsp;I. Identify scope of adaptation project: Project Coordinator, Sara Hutto, and former Project PI, Kelley Higgason, spent several months reviewing literature specific to climate change adaptation planning processes, and brought together key GFNMS staff (including the research coordinator, resource protection coordinator and superintendent) in August 2013 to develop the geographic and temporal scope of the adaptation project, and to define the project goals.II. Develop draft list of focal resources for the North-central California coast and ocean. Staff and project partners developed a draft list of focal resources (species, habitats, and ecosystem services) from internal planning documents (including the GFNMS Condition Report and Management Plan) and external research to be used in the selection of final focal resources during Decision-Support Workshop 1.III. Convene Project Planning Committee A planning committee of project partners, including Point Blue, EcoAdapt, National Park Service Pacific West Region, California Landscape Conservation Cooperative, Bay Area Ecosystems Climate Change Consortium, Farallones Marine Sanctuary Association, and the GFNMS was convened in September 2013. The Committee advised on workshop design and organization and helped develop workshop materials. The committee continued an advisory role throughout the project, and helped review workshop outcomes.IV. Conduct two decision-support workshops: 1) Focal Resources, 2) Vulnerability Assessments. Following the successful model developed by EcoAdapt for the Sierra Nevada Adaptation Project, Focal Resources Workshop attendees finalized the draft list of North-central California coast and ocean focal resources using a set of evaluation criteria, and identified information needs for the vulnerability assessments. Vulnerability Assessment Workshop attendees assessed vulnerability (including sensitivity, exposure and adaptive capacity) of focal resources to climate change impacts using supporting data and information prepared by staff and the Project Planning Committee.&amp;nbsp;&amp;nbsp;Phase 2 – Climate-Smart Working Group and Adaptation Implementation&amp;nbsp;V: Convene Climate-Smart Adaptation Working Group. Based on expertise and jurisdictional boundaries, a sub-set of representatives from local, state, and federal agencies, non-profit organizations, and academic institutions that participated in the stakeholder workshops were invited to serve on a Climate-Smart Adaptation Working Group that met five times over the course of 2015. The working group: 1) defined distinct climate scenarios for the study region and 2) developed prioritized adaptation recommendations.VI. Climate-Smart Adaptation Working Group defined climate scenarios:GFNMS staff and Point Blue Conservation Science summarized vulnerability assessment results and compiled climate projections and anticipated impacts for a climate change profile of the study region. Working group members defined distinct scenarios for the study region based on the most uncertain climatic and non-climatic drivers of change (based on the climate change profile) and the most important (greatest impact) climatic and non-climate drivers of change (based on vulnerability assessments). Scenario planning is used to overcome climate uncertainty by focusing on important and uncertain climate impacts to develop adaptation actions for multiple, plausible climate futures.VII. Develop adaptation actions: GFNMS staff and Point Blue summarized the developed climate scenarios and created discussion templates modeled after the “Futures of Wild Marin” workshop, to aid the working group in brainstorming adaptation actions. Based on National Wildlife Federation and Point Blue Climate-Smart Conservation Principles, and using the developed scenarios as a framework, working group members: 1) define criteria for prioritization of adaptation actions (e.g. feasibility, cost-effectiveness, climate-smart, collaborative); 2) brainstorm potential management actions for each climate scenario (in an iterative process, which may result in further revision of scenarios); 3) evaluate and prioritize brainstormed actions using defined criteria; and 4) identify specific actions that are currently occurring or may be implemented immediately as pilot adaptation responses. The working group chair and project coordinator presented the final recommended actions to the GFNMS Sanctuary Advisory Council in March 2016, and the Council edited and approved the actions. These actions were then forwarded to the sanctuary superintendent as well as other coastal resource management agencies in the region for consideration in their current or future adaptation planning efforts, including Golden Gater National Recreation Area, Point Reyes National Seashore, California State Parks, and Counties of San Mateo, San Francisco, Marin, and Sonoma.VIII. Develop Climate Action Plan: Based on the approved adaptation actions, staff, in consultation with the GFNMS superintendent and project partners, released a Climate Action Plan in November 2016.IX. Design pilot Green Resilient Shorelines Adaptation Projects: Staff, in consultation with the GFNMS superintendent and project partners, will design two to four pilot Green Resilient Shorelines (GRS) adaptation projects as a subset of the recommended adaptation actions for the study area, including: implementation and construction time line, project costs, monitoring plan, and outreach plan. GRS projects will help achieve the strategic goal of the Bay Area Ecosystems Climate Change Consortium, which has identified GRS as the current focus of an effort to promote a regional approach and alliance to wetlands restoration. Examples of potential GRS projects include: restoring the hydrologic function and floodplain in Bolinas Lagoon by road and levee removal to allow upland migration of the lagoon; building causeways over key coastal drainages to allow upland migration and address flooding in the lagoon; working with farmers to restore the upland floodplain and allow deposition of sediment in fields instead of in the lagoon; and seagrass restoration and expansion in Tomales Bay to provide increased habitat and carbon sequestration.",,,,,"The vulnerability assessment report identified beaches/dunes, estuaries, and rocky intertidal as the most vulnerable habitats in the region, and served as the foundation for adaptation planning. The climate adaptation plan was released in November 2016.Lessons learend include (1) clearly define a goal(s) and desired outcomes and remind stakeholders and workshop participants of these throughout the project, and (2) involve as many partners as possible from the beginning.&amp;nbsp;This project has served as a model for other MPAs nationwide, and has been highlighted internationally as a successful coastal climate adaptation case study through 1) a publication of the United Nations Framework Convention on Climate Change Nairobi Work Programme, 2) a workshop of the International Union for the Conservation of Nature in 2015, and 3) the Commission on Environmental Cooperation at their North American Pacific Marine Parks Partnership Workshop in 2016.&amp;nbsp;",1,66776|31201,451,,"The North-central California coast and ocean is a globally significant and extraordinarily productive marine and coastal ecosystem that boasts an array of local, state and federal protected areas and other managed lands. Despite this richness and attention to conservation, this region is still vulnerable to the effects of climate change. In response, the Greater Farallones National Marine Sanctuary (GFNMS) led a collaborative planning process to characterize the climate vulnerability of the region&amp;#39;s most significant natural resources, and develop climate-smart management strategies to reduce resource vulnerability and enhance resilience.&amp;nbsp;A team of over 50 representatives from federal and state agencies, non-governmental organizations and academic institutions identified and assessed the climate change vulnerability of 44 natural resources, including eight habitats, populations of 31 species, and five ecosystem services, by considering exposure and sensitivity to climate changes and non-climate stressors, and capacity to adapt.&amp;nbsp;Coastal habitats in the study region, including beaches and dunes, outer coast estuaries, and rocky intertidal, along with associated species and ecosystem services, were identified through this assessment as being most vulnerable, and were prioritized for development of management actions.&amp;nbsp;",,Full Case Study,,,7101,45056|30176|32496,,,,,,,562,,596|593,https://dev-cakex.pantheonsite.io/case-studies/climate-smart-adaptation-north-central-california-coast-and-ocean
36376,en,project,1,50,Promoting Climate Awareness and Adaptive Planning in Three Atlantic Fisheries Communities Using the VCAPS Process and System Dynamics Model - Maine Lobster Fishery,1474922524,1583179976,1,published,en,,56,,313,,"Stanicoff, E. 2016. Promoting Climate Awareness and Adaptive Planning in Three Atlantic Fisheries Communities Using the VCAPS Process and System Dynamics Model - Maine Lobster Fishery. Summary of a project from Maine Sea Grant, Western Washington University, Worcester Polytechnic Institute and Social and Environmental Institute, and North Carolina Sea Grant. Retrieved from CAKE: www.cakex.org/http://www.cakex.org/case-studies/promoting-climate-awareness-and-adaptive-planning-three-atlantic-fisheries-communities&amp;nbsp;(Last updated August 2016)",,,,177|485,,,,,POINT (-95.712891 37.090240),,,132,"University of Maine Extension/Maine Sea Grant, Western Washington University, Worcester Polytechnic Institute and Social and Environmental Institute, North Carolina Sea Grant",Photo attributed to Ryssby and English Wikipedia. Incorporated here under the Creative Commons Attribution-Share Alike 3.0 Unported license. No endorsement by licensor implied.,313|5280|368,,,,,Esperanza StancioffExtension Educatoresp@maine.edu,2016-09-26,,,,1,46406,450,,"With the demise of the North Atlantic groundfish stocks, the lobster industry has become the most important fishery in New England with Maine&amp;rsquo;s lobster fishery one of the most successful in the United States. Since 1985, income from lobsters in Maine has steadily increased by nearly 400%. While many view this as a success, this lucrative monoculture puts pressure on the industry with many unknowns in the future ecologically and socially. However, as a changing climate is experienced in the industry, factors influencing the large numbers will most likely change, rendering an uncertain future. In southern New England, disease and stresses related to increases in ocean temperature resulted in more than a 70% decline in lobster abundance, prompting managers to propose closing that fishery. A collapse in Maine similar to what has been experienced in southern New England could fundamentally disrupt the social and economic foundation of its coast.In 2012, an example of the implications of such changes was experienced in the region. The Maine lobster industry experienced significant impacts in their season due to extreme warm ocean temperatures (an ocean heat wave) and early and repeated shedding of lobsters. Several lobstermen in South Thomaston said in the 40 years they had been fishing, they could have &amp;ldquo;set their watches&amp;rdquo; to the start of the shedding event each season in their fishing area. The 2012 event galvanized many lobstermen to take climate change seriously.",,Project Summary,,,7131,,,,,,154|165|151|154|531|145|145|151|160|162,,,,,https://dev-cakex.pantheonsite.io/case-studies/promoting-climate-awareness-and-adaptive-planning-three-atlantic-fisheries-communities-using-vcaps-process-and-system-dynamics-model-maine-lobster-fishery
47681,und,project,1,50,Integrating Climate Change into Plan Revisions at El Yunque National Forest,1513887950,1583179976,1,published,und,,,,406,,"Gregg, R.M. (2017). Integrating Climate Change into Plan Revisions at El Yunque National Forest&amp;nbsp;[Case study on a project of the El Yunque National Forest]. Product of EcoAdapt&amp;#39;s State of Adaptation Program. Retrieved from CAKE: http://www.cakex.org/case-studies/integrating-climate-change-plan-revisions-el-yunque-national-forest (Last updated December 2017)",,,,482|174|491|498,,,,,POINT (-65.792999 18.319065),,,47676,,Photo attributed to lessandro Cai (OliverZena). This work has been released into the public domain by its author. No endorsement by licensor implied.,,,"The 29,000-acre El Yunque National Forest in northeastern Puerto Rico is the only tropical rain forest in the U.S. National Forest system. Located in the Sierra de Luquillo Mountains, the forest features diverse vegetation types, waterfalls, and pools that provide habitat for over 180 animal and 636 plant species. The mountains are a major water source for the island, supplying more than 20% of the municipal water source with approximately 46 million gallons of water withdrawn per day.Every national forest is guided by a land and resource management plan (commonly known as a forest plan) &amp;ndash; a document that sets forth guiding management principles on a 10-15 year time horizon. Since 2014, the El Yunque National Forest has been undergoing a forest plan revision &amp;ndash; the first revision of the original forest plan released in 1997. The original plan focused on conservation to protect the unique biological and ecological diversity of the forest. The revised plan focuses on an integrated approach to ecological, social, and economic sustainability, and addresses evolving forest conditions, issues, and trends.",,"In developing the plan, the forest engaged in several outreach efforts with other federal, state, and local agencies and public stakeholders to identify core themes to guide the revision process. Five themes were developed, including:Promote a stronger regional identity using an &amp;ldquo;all-lands approach&amp;rdquo;;Provide for healthy ecosystems;Incorporate collaborative adaptive management principles;Define a new recreation, access, and tourism system; andIncrease regional environmental literacy and educate local communities.The forest is subjected to increasing pressures from urbanization, which has resulted in landscape fragmentation. In addition, increasing drought, wildfire, invasive species establishment, and disease outbreaks are all of concern to forest managers. As directed by the 2012 USFS Planning Rule, the revision explicitly incorporates climate change.",Pedro RíosForest Plannerprios@fs.fed.us,2017-07-25,,,"The plan emphasizes restoring and protecting ecosystems that are resilient to climate change and other stressors. Desired conditions associated with the forest&amp;rsquo;s climate change response include enhancing longitudinal landscape connectivity to allow species to move upslope from lowland to upland forests as temperature rise; retaining wetlands and ponds to support cool, moist conditions for species and water supply; and managing invasive species. The plan also prioritizes riparian zones as areas that help maintain critical ecosystem functions and services (i.e. water supply and quality), identifying key management strategies such as the prioritization of riparian zones in major streams for land acquisition. Management strategies associated with water resources in the forest include no further authorizations for consumptive water intakes and protecting surface and groundwater supplies from physical, chemical, and biological pollutants.The draft plan was released for public comment in September 2016. The final plan is expected in 2018.",1,49416,,,"In 2012, the U.S. Forest Service released a Planning Rule requiring the integration of climate change impacts, vulnerability, and adaptation into revisions of forest management plans. The El Yunque National Forest began the forest plan revision process in 2014. A draft plan to guide forest resource management was released in September 2016; the final plan is expected to go into effect in 2018.",,Full Case Study,,,,56896,,,,,,,,,596|604|599|594|634|636,https://dev-cakex.pantheonsite.io/case-studies/integrating-climate-change-plan-revisions-el-yunque-national-forest
47696,en,project,1,50,Climatic Variability and Water Supply Planning in Tampa Bay,1513887657,1720465846,1,published,en,,60,,406|39,,"Gregg, R.M., &amp;amp; Score, A. (2021).&amp;nbsp;Climatic Variability and Water Supply Planning in Tampa Bay&amp;nbsp;[Case study on a project of Tampa Bay Water]. Version 2.0. Product of EcoAdapt&#039;s&amp;nbsp;State of Adaptation Program. Retrieved from CAKE:&amp;nbsp;http://www.cakex.org/case-studies/climatic-variability-and-water-supply-...&amp;nbsp;(Last updated October 2021)",333,,,484|182,,,871,,POINT (-82.474365 27.862374),,,47686,,This image has been released into the public domain because it contains materials that originally came from the United States National Aeronautics and Space Administration (NASA). No endorsement by licensor implied.,,,"Tampa Bay Water is one of the eleven members of the Water Utility Climate Alliance, a collaborative focused on advancing climate resilience in water utilities throughout the United States. The utility has been working to assess how climate variability will affect local water supply, especially with respect to seasonal forecasting and periodic droughts. Historically, the region relied exclusively on groundwater pumping for its supply; however, saltwater intrusion and over pumping in the 1980s triggered a shift to 60% surface water supply from local rivers and the bay itself. However, the 1999-2001 drought required the utility to again pump groundwater to match consumer demand; the extent of this extraction had major impacts on the surrounding natural environment. The region is experiencing increasingly higher seasonal climatic variability, which may drive even more frequent droughts; at the same time, water demand will increase as the regional population grows. Tampa Bay Water believes its system is robust for another 15-20 years, but knows it needs to start planning for future demands. For example, the utility currently supplies approximately 240 million gallons per day (mgd) on average to over 2.4 million residents; projections indicate that with an increasing population, demand will increase to 275 mgd by 2035.",,"Tampa Bay Water is engaged in a number of efforts to provide resilient drinking water supplies, primarily (1) using forecasting tools to inform decision making, (2) conducting an assessment of the effects of climatic variability local hydrology, and (3) diversifying water supply sources in the region.1.&amp;nbsp;Forecasting Using the Climate Outlooksfrom NOAA’s Climate Prediction Center, the utility tracked patterns in the El Niño Southern Oscillation (ENSO) to forecast wet and dry conditions in the region. These outlooks are useful to local water managers to identify near, short-term changes in surface water availability, and make strategic decisions on groundwater withdrawals to meet immediate consumer demands.2.&amp;nbsp;Climatic variability and water supplyRecognizing the need to forecast water supplies more reliably and over a longer timeframe, Tampa Bay Water partnered on a project to assess climate impacts on the area’s water supply and the utility’s ability to meet an anticipated increase in demand. The objectives are to evaluate the ability of dynamical and statistical downscaled Global Climate Models (GCM) to reproduce observed regional temperature and rainfall patterns; reproduce historic hydrologic behavior; evaluate projected changes in hydrology associated with future projections of temperature and rainfall; and assess the effects of climate projections on future water supply availability in the region. Initial results demonstrate high variability in projected precipitation patterns, which indicates a need for more refined regional and local hydrologic-climate models.3.&amp;nbsp;Diversified water supply sourcesThe utility constructed a $158-million desalination plant to protect groundwater sources from saltwater intrusion, as well as a $140-million, 15-billion-gallon reservoir that stores water from the Alafia River, Hillsborough River, and Tampa Bypass Canal. These measures provide backup water supply during periods of drought, including during the April 2017 drought and during March 2020, one of the driest months in the Tampa Bay area’s history.In addition to these efforts, Tampa Bay Water has multiple capital improvement projects—in planning or underway—that may help to build the utility’s resilience through infrastructure maintenance, upgrades, and expansion.","Alison Adamsbr
Chief Technical Officer (former)&amp;nbsp;
aadams@intera.com
",2017-07-25,,,"Tampa Bay Water is also collaborating with the Florida Water and Climate Alliance on projects to evaluate the effects of sea level rise on groundwater well and surface water quality, and the impacts of temperature changes on potable water delivery and operation and maintenance of water resources infrastructure. Tampa Bay Water is also working alongside the Tampa Bay Climate Science Advisory Panel and the Hillsborough County Environmental Protection Commission’s Climate Adaptation Workgroup to better understand how climate change will impact future water supplies. The agency is also participating in the creation of a field guide to support municipal decision-making on sea level rise adaptation with other water utilities in the Water Utility Climate Alliance.",1,49431,454,Last updated 10/21.,"Tampa Bay Water is a drinking water utility servicing over two million residents in Hillsborough County, Pasco County, Pinellas County, New Port Richey, St. Petersburg, and Tampa. The utility is working to assess how climate change will affect local hydrology and water supply, provide forecasting tools to inform decision-making, and diversify water supply sources in the region.",,Full Case Study,,,7201,56896|72158,499,,,,139|540|135|138|160|162|161,,564,7396,596|605|593,https://dev-cakex.pantheonsite.io/case-studies/climatic-variability-and-water-supply-planning-tampa-bay
65566,und,project,1,14,Implementing Interventions for Heat-related Illness and Wildfire Smoke Exposure in North Carolina,1561489683,1687461784,1,published,und,,,,27931,,"Reynier W. 2019.&amp;nbsp;Implementing interventions for heat-related illness and wildfire smoke exposure in North Carolina [Case study on a project of the North Carolina Department of Health and Human Services].&amp;nbsp;Product of EcoAdapt&#039;s&amp;nbsp;State of Adaptation Program. Retrieved from CAKE:&amp;nbsp;https://www.cakex.org/case-studies/implementing-interventions-heat-related-illness-and-wildfire-smoke-exposure-north-carolina&amp;nbsp;(Last updated June 2019)
",,,,175,,,,,,,,65761,,Photo attributed to USWS Souteast Region. This work is in the public domain. No endorsement implied. ,,,"NCDHHS initially began working on climate change issues due to concerns about potential public health impacts from increasing temperatures. With funding from the Centers for Disease Control and Prevention (CDC), the department implemented the BRACE framework, completing an impacts assessment that evaluated all potential climate threats to public health. Published in 2015, this Climate and Health Profile identified heat-related illnesses associated with extreme heat events and wildfire smoke exposure as the greatest climate impacts of concern in North Carolina. Other identified impacts included air pollution, extreme weather events, and water-borne pathogens.

With additional CDC funding, NCDHHS then conducted more in-depth vulnerability assessments for heat-related illnesses and wildfire smoke exposure to identify priority adaptation locations. Using the state syndromic surveillance system, the department tracked heat-related emergency room (ER) visits, which revealed high ER visit rates in the southeast Sandhills region of the state. Subsequent analyses identified a five county sub-region as being highly vulnerable to heat-related illness. For wildfire smoke, NCDHHS investigated the number of pre-existing conditions that could be aggravated by smoke exposure, and used GIS mapping to identify the most vulnerable counties in the state (e.g., those with high exposure to wildfire smoke and high numbers of residents with underlying conditions). One county was ultimately prioritized for action because in addition to high vulnerability, residents also had low access to tools that could inform healthy decision-making, such as the EPA’s air quality information system.
",,"NCDHHS is now working on implementing two local health adaptation pilot projects to address heat and wildfire. The department is piloting a heat health alert system in southeast North Carolina. This system will alert target populations when heat levels become dangerous, and provide residents with actions they can take to reduce their risk. The heat health alert system is tailored to residents most at risk for heat-related illness, including farm workers, older adults, low-income families, and youth. For wildfire smoke exposure, NCDHHS is collaborating with the U.S. Forest Service in North Carolina to integrate smoke safety information with existing Smokey Bear programs for elementary school students. Educational pieces include identifying smoke-sensitive health conditions and messaging around healthy behaviors during smoky conditions. For both projects, NCDHHS has developed full implementation and monitoring plans (e.g., heat and wildfire smoke).

These intervention actions were selected after a thorough review process with stakeholder input. NCDHHS first identified a range of possible intervention actions vetted in the scientific literature. These options were presented to and evaluated by stakeholders according to a variety of criteria, such as ease of implementation, cost, and timeliness. Stakeholders also added additional criteria, such as language accessibility. Stakeholders ultimately selected health intervention actions based on a combination of evaluation scores and the needs of local communities. For example, for the heat health alert system, stakeholders emphasized the need to include a health education component to teach residents how to use the system. For wildfire smoke, the chosen intervention activity was entirely stakeholder-designed rather than sourced from the literature, as stakeholders strongly believed leveraging existing Smokey Bear programming would be the best approach.

In addition to identifying appropriate and feasible health interventions at the local level, community stakeholders have also been critically important in refining messaging to best reach residents. These stakeholders include local health departments and emergency management departments, non-profit organizations, agricultural extensions, and land management agencies (e.g., local fire departments, the U.S. Forest Service, The Nature Conservancy).
","Lauren Thie, lauren.thie@dhhs.nc.gov
",2019-06-13,Lauren Thie,,"NCDHHS has CDC funding through 2021. They plan to continue implementing these two pilot projects, and then revise and expand their adaptation activities based on lessons learned. For example, they are currently collecting feedback on the utility of different heat health education materials and trainings. They are also tracking over the longer-term whether the implemented health interventions alter health behaviors and outcomes. All feedback will be used to update existing implementation and monitoring plans, and to refine and develop additional educational materials.

Primary barriers encountered by NCDHHS during the course of their work include working in rural communities and communities with diverse health problems. Most existing adaptation materials are geared toward larger population centers. Rural communities face different challenges (e.g., low population numbers and population density, high poverty rates, low rates of higher education), and adaptation options developed for urban areas are not always applicable. For example, rural residents may not be able to easily travel to cooling shelters during extreme heat events. Additionally, many of North Carolina’s most vulnerable communities face diverse health impacts and have very limited resources. For example, many of the communities the NCDHHS is working with also experience high levels of poverty, score poorly in many health categories, and were those hardest hit by Hurricanes Matthew and Florence.

NCDHHS has found that relying on the expertise and connectedness of community leaders is key in addressing these challenges. Although vulnerable, these communities have survived and been resilient to past extreme events and associated health impacts. Community leaders have detailed knowledge about their community and how best to respond to climate challenges moving forward. NCDHHS has found that as a state agency, they experience the most success by empowering local community leaders to use and adapt the BRACE framework, and by building on existing community efforts (e.g., Smokey Bear education programs).
",1,68701,,,"The North Carolina Department of Health and Human Services (NCDHHS) is utilizing the Building Resilience Against Climate Effects (BRACE) framework to address heat-related illness and wildfire smoke exposure in their most vulnerable counties. NCDHHS has collaborated with community stakeholders to develop tailored health intervention activities, and is implementing two adaptation pilot projects at the local level. One project is piloting a heat alert system and associated heat education efforts to ameliorate incidents of heat-related illness. A second project is integrating wildfire smoke exposure and safety messaging into existing Smokey Bear education programs for elementary students. Lessons learned from these two pilot projects will be used to refine health and climate messaging and develop additional adaptation projects in the future.
",,Full Case Study,,,7201,28941|29706|37461|42241,,,,,137|148|155,,,,611|616|635,https://dev-cakex.pantheonsite.io/case-studies/implementing-interventions-heat-related-illness-and-wildfire-smoke-exposure-north-carolina
70494,en,project,1,1322,Wind River Reservation Drought Preparedness,1588094841,1588287216,1,published,en,,59,,4089,,"McNeeley SM. 2020.&amp;nbsp;Wind River Reservation Drought Preparedness. [Case study on a project of the Wind River Indian Reservation and partners]. Retrieved from CAKE: http://www.cakex.org/case-studies/wind-river-reservation-drought-preparedness (Last updated April 2020)
",,,,166|179|482|7011|484|177|491|493|181|182|498,,,,,POINT (-108.882346 43.006346),,,6586,Wind River Office of the Tribal Water Engineer,"Angela Burgess, USFWS. / CC BY (https://creativecommons.org/licenses/by/2.0)
",4089,,"The Wind River Indian Reservation (WRIR) in central-western Wyoming is home to the Eastern Shoshone and Northern Arapaho Tribes. The WRIR experiences frequent drought events that have led to devastating impacts to their social and ecological systems. For example, during the most 2012-2013 drought, unexpected low winter runoff lead to a reduction in the irrigation season, which forced several local cattle producers to liquidate their herds and hay fields to go fallow. This caused considerable economic hardship to those producers and to the secondary and tertiary businesses on the reservation.&amp;nbsp;Other impacts have included reduction to instream flows for riparian ecosystem health and fisheries, vegetation changes impacting wildlife, increased wildfires, and impacts to domestic uses of water. This project was a collaboration between the tribes and university and agency scientists and drought planners to provide rigorous drought science and decision tools needed by tribal water managers, tribal officials, and other key natural resource managers to prepare for droughts and climate changes now and into the future.
",72063|72064|72065,"This project began in 2014 and was an interdisciplinary, technical assessment of key social-ecological vulnerabilities, risks, and response capacities of the Wind River Indian Reservation (WRIR) to inform development of decision tools to support drought preparedness and a the development of a reservation-wide drought plan. It provided opportunities for: 1) development of tribal technical capacity for drought preparedness, and 2) educational programming guided by tribal needs, Traditional Ecological Knowledge (TEK), and indigenous observations of drought for tribal members, with a broader goal of transferring lessons learned to other tribes and non-tribal entities. This project had foundational partnerships between the Eastern Shoshone and Northern Arapaho tribes of the WRIR, Colorado State University, the High Plains Regional Climate Center (HPRCC) and the National Drought Mitigation Center (NDMC) at the University of Nebraska-Lincoln, the National Integrated Drought Information System (NIDIS), the North Central Climate Science Center (NCCSC), University of Wyoming EPSCoR, and multiple other government agencies and university partners to develop decision tools to support drought preparedness. Other partners included the USDA Northern Plains Regional Climate Hub and NRCS, the Western Water Assessment at CU Boulder, NOAA National Integrated Drought Information System (NIDIS), US Fish and Wildlife Service, USGS, BIA, Great Northern LCC, and other North Central University Consortium scientists. The&amp;nbsp;WRIR Drought Management Plan integrates&amp;nbsp;state-of-the art climate science with hydrologic, social, and ecological vulnerabilities and risks, and identifies response capacities and strategies to support the Tribal Water Code and related resources management. Funding was provided by the USGS, NIDIS, BIA along with leveraged resources through NOAA RISA, UWY, CSU, UNL, USFWS, Water Resources Data System &amp;amp; Wyoming State Climate Office, among others.
","Shannon McNeeley

smcneeley@gmail.com
",,Shannon McNeeley,,"We are in the final stages of completing the Wind River Drought Plan&amp;nbsp;and expect to be finished by June 2020.
",1,72079,454|450|452,,"Frequent and intense droughts have caused ecological and socioeconomic impacts in Wyoming. A collaborative project between the Eastern Shoshone and Northern Arapaho Tribes, university and federal agency scientists, and drought experts was initiated to provide critical decision support tools to help the tribe better prepare for and respond to drought events.
",,Project Summary,,,6976,,500,,,,137|165|148|154|139|524|134|529|145|155|136|144|161,,,,,https://dev-cakex.pantheonsite.io/case-studies/wind-river-reservation-drought-preparedness
72141,en,project,1,14,Tybee Island Sea Level Rise Adaptation Plan,1634145743,1692815281,1,published,en,,56|59|57,,4712|65481|39631,,"Sims, S.A., Braddock, K.B., and Gregg, R.M. 2021. Tybee Island Sea Level Rise Adaptation Plan. [Case study on a project of Georgia Sea Grant ]. Product of EcoAdapt&#039;s&amp;nbsp;State of Adaptation Program. Retrieved from CAKE: https://www.cakex.org/case-studies/tybee-island-sea-level-rise-adaptation-plan (Last updated October 2021)
",334,,,484|491,,355,871,,POINT (-80.845666 32.000215),,,49781,,"This image has been released into the public domain by its author&amp;nbsp;Michael Sennello.&amp;nbsp;
",,,"Tybee Island is located off the southeastern coast the United States, about 20 miles from the City of Savannah and within Chatham County, Georgia. The island community is home to 3,000 permanent residents, but the population increases to above 6,000 during the summer months due to seasonal residents and tourists. Busy summer weekends can result in over 30,000 people on the island. This influx of tourists benefits the local economy and contributes to Georgia’s overall coastal economy. This barrier island has historically flooded due to extreme weather and tidal events, and is vulnerable to continued flooding from sea level rise and increased storms. Tide gage data collected by the National Oceanographic and Atmospheric Administration (NOAA) from Fort Pulaski (located less than five miles from the city) show that sea levels have risen about 10 inches in the area since 1935. Between 2016 and 2020, the City of Tybee Island evacuated three times due to tidal flooding events. Climate change impacts such as sea level rise, increased coastal flooding, and extreme weather events pose a major threat to Tybee Island’s economy, residents’ livelihoods, and natural ecosystems. The most visible impacts to date from extreme flooding on Tybee Island include frequent closures of U.S. Highway 80 (the sole access road to the city), backup of stormwater drainage systems, and coastal erosion.

GASG and the City Tybee Island began discussions about sea level rise and flooding events in 2011. In 2012, GASG made funding available to work with local governments on sea level rise planning. Due to community interest, GASG approached the City of Tybee Island, to begin sea level rise planning efforts. The Tybee Island Sea Level Rise Adaptation Plan was released in April 2016.
",78094,"The plan’s development process had two goals: (1) to assess the risk of sea level rise on the Island; and (2) to educate the community and local decisionmakers about potential consequences and determine community priorities. The plan focuses on a 50-year timeframe and was developed by a community-driven engagement approach. Town hall meetings were held by project members to engage the community. The first presented sea level rise and adaptation science through visualization and facilitation tools to public officials and residents. The second town hall identified local vulnerabilities to sea level rise and adaptation planning scenarios were discussed. Four key focus areas were identified as high-value priorities to the Tybee Island community: (1) municipal infrastructure; (2) access to the island and connectivity; (3) coastal dynamics (i.e. coastal erosion); and (4) management and stewardship of the island. As a result of these meetings, project staff used high (31 inches) and intermediate (14 inches) sea level rise scenarios through the year 2060 for further analysis. Datasets and resources used to develop the plan included NOAA regional sea level rise projections, Vulnerability, Consequences, and Adaptation Planning Scenarios (VCAPS), and local knowledge on how flooding impacts the community. The NOAA Sea Level Rise Viewer was also used to identify areas of the island that are or will be most vulnerable to sea level rise (e.g., U.S. Route 80 and the beachfront).

Adaptation options for the plan were determined by an interdisciplinary team, including marine scientists, ecologists, environmental planners, and communications professionals, as well as examples from other communities that are adapting to coastal climate change. The project team presented adaptation options and examples of strategies to the community, including: (1) elevation of municipal well pumps; (2) elevation of Route 80; (3) stormwater retrofits; (4) seawall construction; and (5) enhanced beach nourishment. The community played a role in recommending and selecting adaptation options. Following this, cost-benefit analyses, capital damage assessments, and economic loss assessments were conducted and meetings with local groups and community members (e.g., the Community Resources Committee and the Beach Task Force Committee) were held to determine the technical approaches and needs for the adaptation actions. For example, the plan emphasizes a need for cooperation between the City of Tybee Island, the Coastal Regional Metropolitan Planning Organization, the Georgia Department of Transportation, and other regional agencies in order to elevate Route 80 to maintain access to the island. It is also expected that $15–39 million dollars of damage could occur if stormwater retrofits to prevent tidal backflow are not implemented.

Partners included the City of Tybee Island, GASG, NOAA, Stetson University, Savannah Metropolitan Planning Commission, and a number of schools and programs within the University of Georgia (e.g., the Marine Extension Service, the Franklin College of Arts and Sciences, the Lamar Dodd School of Art). GASG conducted community outreach through public workshops, city council meetings, public relations coverage (e.g., TV stations and print media in Savannah), informal networks (e.g., word-of-mouth, listservs), as well as professional conferences, meetings, and workshops, reaching over 4,000 individuals throughout the plan’s development.
","Jill Gambill
Public Service Faculty - Coastal Resilience
University of Georgia and Georgia Sea Grant
jgambill@uga.edu
",,"Jill Gambill, Public Service Faculty of Coastal Resilience",,"The City of Tybee Island is highly vulnerable to sea level rise and flooding is at the forefront of many residents’ minds. The community wanted to lower their Community Rating System score under the National Flood Insurance Program. As a result of the sea level rise planning process with GASG, the Tybee Island score went from class 7 to class 5, resulting in a 25% discount in flood insurance for each resident in the island’s Special Flood Hazard Zone and yielding approximately $3 million dollars in flood insurance savings.

The planning process for the Tybee Island Sea Level Rise Adaptation Plan took four years to complete. Since its unanimous approval by the Tybee Island City Council, every adaptation action from the plan has been implemented. The city successfully applied for funding from the state, Federal Emergency Management Agency, and the National Fish and Wildlife Foundation (NFWF). Several monitoring and evaluation projects are ongoing to evaluate the success of living shorelines, understand how dunes are responding to restoration, and evaluate how well pump houses are operating and make necessary adjustments.

During the planning process, there was some push back from local hotel owners that did not want dunes restored in front of their beachfront properties. However, when storm surge from Hurricanes Matthew and Irma traveled through the beach access roads and flooded the area, attitudes changed. &amp;nbsp;

Through this work, GASG learned that outreach needs to go beyond presenting information at town hall meetings. Practitioners that lead communities through adaptation planning need to tap into community culture, target outreach on a case-by-case basis, and let the community take the lead wherever possible. Looking ahead, GASG will continue to work with Tybee Island. GASG recently received a NFWF grant for $300,000 to evaluate vulnerability and adaptation options for the western side of Tybee Island. This effort will focus on how wetland habitats may change over the next 30 years and examine needed adaptation options on private properties (e.g., green infrastructure development, strategic buyouts for flood mitigation). The Tybee Island Sea Level Rise Adaptation Plan was a recipient of NOAA Sea Grant’s 2014 National Superior Outreach Programming Award and has served as a model for coastal communities around the United States.
",1,75464,454,Last updated 10/21.,"Tybee Island, a small city and barrier island, is located off the coast of Georgia. Between 2016 and 2020, the community has been forced to evacuate three times due to high tide flooding events. Flooding as a result of extreme weather events and sea level rise is a major concern for Tybee Island’s economy, infrastructure, communities, and natural environment. In an attempt to address pressing concerns around climate change, Georgia Sea Grant (GASG) made funding available to support local governments on sea level rise planning, including the City of Tybee Island. The Tybee Island Sea Level Rise Adaptation Plan was released in April 2016, making it one of the first communities in Georgia to formally plan for sea level rise. All of the adaptation strategies in the plan have been implemented and monitoring and evaluation is underway.
",,Full Case Study,,,7201,69324|72158|47716,,,,,165|135|139|145|527|155|155|135|138|140|160|162|161,,,,593|611|610|613|615|616|619|595|622|594|635,https://dev-cakex.pantheonsite.io/case-studies/tybee-island-sea-level-rise-adaptation-plan
72152,en,project,1,14,Restore America’s Estuaries Climate Action Plan,1634146122,1661286576,1,published,en,,59,,2279,,"Kershner, J. (2021).&amp;nbsp;Restore America’s Estuaries Climate Action Plan. [Case study on a project of the Restore America’s Estuaries organization]. Product of EcoAdapt’s State of Adaptation Program. Retrieved from CAKE: https://www.cakex.org/case-studies/restore-america’s-estuaries-climate-action-plan (Last updated October 2021)
",,,,482|498,,357,866|941|956|871,,POINT (-95.712891 37.09024),,,3144|1404,,"This image is in the public domain, it contains materials that originally came from the U.S. Fish &amp;amp; Wildlife Service. No endorsement by licensor implied.
",,,"RAE is a national non-profit organization consisting of 10 coastal conservation organizations that work to protect and restore the vital habitats of America’s estuaries. Members include the American Littoral Society, Coalition to Restore Coastal Louisiana, Chesapeake Bay Foundation, EarthCorps, Galveston Bay Foundation, North Carolina Coastal Federation, Save The Bay – San Francisco, Save The Bay – Narragansett Bay, Save the Sound, and Tampa Bay Watch. Estuaries provide vital habitats for a diversity of wildlife as well as provide ecosystem services that humans depend on (e.g., protecting water quality, providing food, enhancing our quality of life, acting as a flooding and sea level rise buffer). In addition, wetlands have the ability to sequester carbon by supporting standing biomass of plant material and continuously burying carbon within soils. Restoring and/or avoiding loss of tidal wetlands and coastal habitats has the potential to enhance ecosystem health, reduce greenhouse gas emissions, and facilitate adaptation to climate change.

In 2010, RAE convened a National Blue Ribbon Panel to establish an action plan for the creation of a greenhouse gas offset protocol for coastal tidal wetlands. The panel consisted of national experts in wetlands science, carbon markets, and public policy. In April 2010, RAE and the project partners hosted a two-day workshop for the panel followed by a public stakeholder workshop. Project partners included Philip Williams &amp;amp; Associates, Ltd. (now ESA); California Coastal Conservancy and Ocean Protection Council; California Ocean Science Trust; Center for Collaborative Policy; CH2M; Climate Action Reserve; Conservation Capital, LLC; Environmental Defense Fund; The Nature Conservancy; Louisiana Office of Coastal Protection and Restoration; The San Francisco Foundation; USDA Natural Resources Conservation Service; U.S. Fish &amp;amp; Wildlife Service; and U.S. Geological Survey. In August 2010, RAE released the Action Plan to Guide Protocol Development for tidal wetlands greenhouse gas offsets.
",75458|75459,"The Action Plan outlines clear steps regarding the science and policies necessary to advance greenhouse gas offset protocol development, including the questions that still need to be answered, strategies for answering those questions, the formation of working groups to address major issues, and the implementation of regional case studies to demonstrate reduction methods. Four major groups were identified including:


	Eligible Project Activities: four project activities that could be included in a protocol (e.g., avoided wetlands loss, wetlands restoration, wetlands management, and wetlands creation).
	Eligibility: documenting clear eligibility guidelines for tidal wetlands projects (e.g., regulations governing tidal wetlands projects, public lands and funding, environmental impacts and benefits).
	Permanence: examining issues related to ensuring the permanence of greenhouse gas reductions and removals.
	Quantification: advancing research and analysis related to greenhouse gas quantification and standardization.


In addition, the panel recommended implementing three different case studies: the Sacramento-San Joaquin Delta (a managed, freshwater tidal marsh); the Mississippi Delta (a large-scale restoration project); and a coastal salt marsh not determined in the plan (a restoration, creation, or managed project). It is unclear if these case studies were implemented.
",,,,,"The Action Plan outlines the initial steps needed to create a greenhouse gas offset protocol for tidal wetlands. While the main focus of this Action Plan is to reduce greenhouse gas emissions, coastal restoration and management projects will have important climate change adaptation benefits as well. For example, tidal wetlands create space and buffers for coastal landscapes to respond to sea level rise, flooding, and other threats. Thus, the main suggestion put forth by the panel was to integrate planning for wetlands offset projects into regional climate adaptation and resource management approaches that account for a variety of factors (e.g., sea level rise, coastal erosion, changes in salinity, migration of wetland types, biodiversity, ecosystem functioning) thereby increasing wetland resilience and reducing risks to permanence. The goals of the Action Plan have since been supplanted by the 2012 release of Restore-Adapt-Mitigate: Responding to Climate Change through Coastal Habitat Restoration. This document is intended to educate professionals, policymakers, and the public on habitat restoration as a means for achieving mitigation and adaptation. RAE is implementing wetland carbon capture and storage objectives through its Coastal Blue Carbon Program and supports coastal resilience through its Living Shorelines Initiative, which educates property owners, contractors, and policymakers on the design and implementation of living shoreline projects. RAE maintains that healthy estuaries keep coastlines resilient and restoration and protection efforts are strategies that may help those coastlines adapt to or recover from climate change impacts.
",1,75460,451,Last updated 10/21.,"Restore America’s Estuaries (RAE) works to protect and restore the vital habitats of estuaries in the United States. Recognizing the threat of climate change impacts to coasts and wetlands, RAE is leading an initiative to create a national greenhouse gas offset protocol for tidal wetlands restoration. RAE convened a group of leading experts on wetlands science, policy, and carbon markets to provide input on greenhouse gas offsets and help develop an Action Plan to Guide Protocol Development for tidal wetlands restoration and management projects. Tidal restoration and management approaches not only help reduce greenhouse gas emissions, they also facilitate adaptation to climate change by creating buffers for coastal landscapes to respond to sea level rise, flooding, and other climate change impacts.
",,Full Case Study,,,7101|7291|7026,72158|71172,,,,,139|135|138,,564,,596|604,https://dev-cakex.pantheonsite.io/case-studies/restore-america%E2%80%99s-estuaries-climate-action-plan
